name,industry,stage,revenue,costs,churn_rate,marketing_spend
LogicPro,Retail,Early,26097,21422,0.051,5103
ServiceLink,Others,Early,91396,74481,0.061,15359
TechNova,Services,Scale,55733,29266,0.025,6014
PulseLogic,Retail,Early,21428,17866,0.122,3478
DataWorks,SaaS,Early,19293,15936,0.277,3758
NextSync,SaaS,Growth,50931,26709,0.122,4857
TechNova,SaaS,Early,49243,42705,0.265,9044
EdgeX,Others,Growth,42347,22068,0.019,4063
NovaLink,Services,Idea,5748,4646,0.013,1147
LogicPrime,Services,Early,33308,29952,0.024,6642
PrimeNova,SaaS,Idea,2170,1773,0.17,408
TechPro,Others,Idea,11068,9813,0.065,1919
CoreSolutions,Services,Scale,42337,24846,0.05,3951
LogicLink,SaaS,Early,25535,21869,0.27,4088
ProX,SaaS,Growth,50244,29439,0.156,2967
PulseX,SaaS,Early,27627,23768,0.205,4494
ServiceNest,SaaS,Early,12984,11543,0.298,2139
PrimePulse,Retail,Scale,78635,51599,0.121,7248
LogicLabs,Retail,Idea,53899,43674,0.028,10724
ProFlow,SaaS,Growth,96250,66679,0.127,5835
TechPro,Services,Scale,39226,24275,0.064,3835
EdgeX,SaaS,Growth,98443,49248,0.176,5910
CorePro,SaaS,Scale,54873,35035,0.147,5146
XPulse,Retail,Idea,39152,33875,0.045,7146
ProNest,Retail,Early,39028,33587,0.129,5942
NextWorks,Services,Early,24056,21643,0.027,4323
DataHub,SaaS,Growth,55543,29175,0.106,5198
LogicX,Retail,Scale,93512,51592,0.014,8808
PulseSolutions,Retail,Early,33992,29481,0.111,5936
ProPrime,SaaS,Growth,67793,42897,0.293,3629
ProFlow,Services,Early,16859,14485,0.025,2550
PulsePro,SaaS,Growth,77540,39846,0.118,7139
RetailWorks,SaaS,Early,4981,4383,0.273,785
NextLogic,Others,Scale,6573,4226,0.066,570
EdgePulse,Others,Growth,77623,54249,0.125,5554
TechEdge,Services,Early,29564,25660,0.095,4872
PulseNova,SaaS,Early,9044,7481,0.144,1656
PrimeSync,SaaS,Early,6581,5556,0.108,1212
LogicPulse,Services,Early,9148,8084,0.021,1430
LogicX,Retail,Early,20886,16906,0.126,4092
ProFlow,SaaS,Scale,83377,46996,0.279,7933
PrimePrime,Retail,Growth,72394,40523,0.135,3689
CloudPulse,SaaS,Growth,63666,36374,0.151,3241
CloudEdge,Others,Early,70590,62227,0.18,13495
NovaSync,SaaS,Scale,98328,60041,0.262,7560
DataX,Services,Growth,54753,34025,0.045,3659
DataSync,SaaS,Idea,43230,36659,0.128,6660
DataNest,Retail,Growth,97014,67664,0.072,8463
EdgeHub,Retail,Growth,80425,41271,0.135,6632
XFlow,SaaS,Idea,21350,17778,0.161,3632
CloudPro,Others,Early,95108,84261,0.123,17570
TechWorks,Services,Early,5744,4958,0.022,1028
PulseEdge,Others,Early,8371,7176,0.059,1592
PrimePrime,Others,Scale,17626,10575,0.149,1645
ProLink,Retail,Growth,91612,58150,0.117,6553
ServiceWorks,Others,Growth,85078,53039,0.171,5423
NextWorks,SaaS,Early,3035,2595,0.205,498
NovaNova,SaaS,Early,45950,39451,0.208,7090
TechLabs,SaaS,Growth,70690,47114,0.295,5881
NextPulse,SaaS,Growth,78621,40067,0.159,9063
PrimeHub,Retail,Idea,24041,20430,0.107,3909
ProNest,SaaS,Growth,54837,34580,0.131,6492
ServiceHub,Services,Growth,32615,20111,0.076,2464
RetailPro,Retail,Early,25746,22934,0.15,4764
EdgePro,SaaS,Idea,2893,2475,0.172,566
RetailSync,Retail,Growth,83367,57092,0.147,9031
LogicNova,SaaS,Early,37405,31163,0.235,6351
NextEdge,Services,Early,16342,13816,0.047,3215
CloudLabs,SaaS,Early,41150,36171,0.164,7365
RetailFlow,Others,Early,58656,49141,0.022,9794
PrimeWorks,Services,Growth,68291,36413,0.015,5801
ServiceHub,SaaS,Growth,63007,32942,0.288,6999
NovaFlow,SaaS,Early,15327,13773,0.1,2770
SmartSolutions,Services,Scale,35540,20912,0.068,1930
NovaNest,Services,Scale,31350,18277,0.076,1865
PrimeEdge,Services,Scale,51728,27431,0.053,4766
CoreEdge,Services,Early,13569,11400,0.04,2121
ProSolutions,SaaS,Early,16284,14127,0.108,2947
ProSync,Retail,Scale,58693,30034,0.087,5380
PulseLogic,SaaS,Growth,95512,49639,0.123,6476
ServiceWorks,Others,Idea,9947,8036,0.118,1944
RetailX,Services,Idea,2507,2226,0.06,485
EdgePulse,SaaS,Early,45062,38734,0.116,8876
ProPro,SaaS,Scale,78633,46707,0.2,5037
CoreLogic,SaaS,Growth,84069,50052,0.226,9080
LogicWorks,SaaS,Early,31225,25939,0.139,5743
CloudSync,Services,Early,12073,10831,0.026,2247
DataHub,Services,Growth,29927,19762,0.052,2382
NovaPrime,Others,Growth,8933,6139,0.138,748
CloudSolutions,Retail,Early,31123,27857,0.013,6197
NovaPrime,SaaS,Growth,99556,50035,0.145,8928
DataEdge,Services,Scale,64148,37717,0.068,4918
LogicLogic,Services,Early,26849,23089,0.091,4542
ServicePulse,Retail,Growth,88308,60147,0.127,5632
ServiceLabs,Services,Early,17882,15783,0.063,2998
ProSolutions,Retail,Growth,89516,45977,0.041,10337
NovaWorks,Retail,Growth,76025,49939,0.094,6005
PulseEdge,Retail,Growth,72366,44015,0.095,4735
PulseNest,SaaS,Growth,92614,55167,0.104,9944
ProWorks,SaaS,Early,41388,35612,0.253,7291
PulsePro,SaaS,Scale,62070,35675,0.225,3157
PrimeLogic,Services,Growth,25506,13694,0.028,1966
ProHub,SaaS,Early,12781,10717,0.271,2526
PulseHub,Retail,Growth,69522,40083,0.127,4183
XWorks,Others,Growth,88939,44600,0.015,7892
ServiceLabs,SaaS,Early,12279,10518,0.276,2184
PrimeLogic,Retail,Scale,67400,46068,0.119,7250
NovaLogic,Services,Scale,54581,33199,0.068,2903
NovaWorks,SaaS,Early,10706,9196,0.191,1848
TechLogic,SaaS,Scale,83073,44359,0.125,4871
EdgePulse,SaaS,Early,31063,26964,0.133,4751
EdgeFlow,SaaS,Early,29805,25884,0.29,4683
ServiceNova,Others,Early,66066,56518,0.025,9924
ProSolutions,Services,Scale,58328,29810,0.04,6044
CoreHub,Services,Growth,75432,43984,0.012,5542
EdgePulse,Others,Early,83733,75264,0.018,16612
ServiceEdge,Services,Early,16287,14598,0.02,2842
EdgeSolutions,SaaS,Growth,90644,47080,0.136,9592
SmartX,Others,Idea,86961,74325,0.1,17055
PrimeFlow,Retail,Scale,99646,58533,0.098,9498
LogicLink,Services,Growth,41650,29093,0.032,4632
DataSolutions,Others,Growth,81428,44373,0.086,6407
DataPro,SaaS,Scale,93894,58445,0.103,5975
SmartLabs,SaaS,Early,21918,18132,0.246,3696
NextSolutions,SaaS,Scale,63851,42195,0.273,3459
ProNest,Retail,Growth,64745,43899,0.101,5320
DataLogic,Services,Growth,65349,37938,0.057,7826
RetailLogic,Others,Early,89603,77735,0.085,14036
LogicPulse,SaaS,Scale,92422,63758,0.276,10489
CloudPulse,Retail,Early,11040,9284,0.06,1823
NovaFlow,Retail,Early,36658,31895,0.092,7219
ProSolutions,SaaS,Idea,4729,4055,0.132,821
RetailSolutions,SaaS,Growth,71398,40197,0.145,3916
ServiceX,SaaS,Growth,79351,43715,0.195,4208
EdgePulse,Others,Growth,30320,19676,0.088,1931
EdgeEdge,SaaS,Scale,78967,49119,0.198,4685
ProNova,Retail,Idea,52204,46524,0.019,9642
ProHub,Services,Growth,71137,39669,0.011,6028
XLink,Retail,Early,56448,46528,0.023,9367
XHub,Others,Scale,3881,2671,0.043,322
NextX,Others,Growth,94847,48010,0.146,7143
SmartNest,SaaS,Growth,89255,53935,0.279,5689
EdgeEdge,Retail,Growth,54603,28630,0.092,3938
NextLabs,SaaS,Early,1220,1075,0.186,229
PulseFlow,SaaS,Early,6618,5464,0.165,1047
LogicFlow,SaaS,Growth,68255,36839,0.149,4877
SmartLabs,Services,Early,18252,15686,0.063,2799
CoreEdge,Retail,Early,11191,9151,0.111,2111
NextPulse,SaaS,Early,44000,36142,0.157,7481
NovaSync,SaaS,Growth,80024,49692,0.177,8838
PulseX,Others,Early,47216,39159,0.061,7868
NovaFlow,SaaS,Early,7008,6227,0.192,1249
TechNest,SaaS,Growth,59873,40545,0.263,3073
ServiceEdge,Retail,Growth,57788,37217,0.05,6448
NextPro,Others,Early,46246,38065,0.181,7529
NovaPro,SaaS,Early,39498,35166,0.105,6338
XPro,Services,Early,14940,12960,0.032,2807
CloudNova,Services,Early,34966,29066,0.047,5612
ServiceSolutions,SaaS,Early,14798,11962,0.177,2496
LogicEdge,Services,Growth,71396,46634,0.072,8396
PrimeNova,Retail,Growth,52795,26973,0.036,6207
LogicFlow,Services,Growth,50329,30953,0.029,4294
CloudSolutions,Services,Early,31265,25658,0.038,5684
SmartWorks,Retail,Growth,96805,56250,0.048,6186
PrimeHub,SaaS,Early,5239,4617,0.265,994
LogicEdge,Services,Scale,21515,14617,0.086,1351
NextNova,SaaS,Growth,85685,53837,0.105,9010
CorePulse,SaaS,Early,18551,15743,0.122,3013
ServiceHub,SaaS,Growth,59947,37167,0.197,5288
EdgeX,Retail,Early,56372,49938,0.13,10611
TechHub,Services,Growth,73144,49911,0.019,8026
NextSolutions,SaaS,Idea,20581,17147,0.2,3752
NovaLogic,Retail,Early,53665,44239,0.053,8221
ServicePro,SaaS,Scale,63386,42613,0.127,7395
LogicLink,Services,Early,23045,19962,0.078,4392
NovaEdge,SaaS,Growth,92771,51756,0.257,9855
NextNova,Services,Early,28220,24566,0.077,5189
ProLogic,Retail,Growth,95763,59851,0.099,6847
DataLink,Others,Growth,51906,28213,0.027,3302
NextEdge,SaaS,Growth,96202,64194,0.21,6084
NextEdge,SaaS,Early,6603,5664,0.162,1148
NovaSolutions,SaaS,Early,12695,11208,0.266,2355
PulseLabs,Others,Idea,9802,8664,0.137,1812
XWorks,Others,Early,30086,24496,0.068,4722
PrimeNest,SaaS,Growth,88737,51605,0.277,4730
ProWorks,Services,Scale,46181,26321,0.088,3062
ProPulse,Services,Scale,72814,40030,0.095,5161
RetailPulse,Retail,Growth,83751,58250,0.092,10024
CloudPro,Retail,Growth,51907,31604,0.147,3937
PrimeLogic,SaaS,Growth,76957,43775,0.204,6222
SmartLogic,SaaS,Early,6596,5299,0.124,1127
ProFlow,Others,Scale,84981,59193,0.057,4685
PrimeSync,Others,Growth,16960,10499,0.089,1349
SmartLogic,Services,Growth,70197,37846,0.084,6698
PulseSolutions,SaaS,Early,40536,32986,0.155,6174
RetailX,SaaS,Early,32875,27986,0.164,5911
LogicLink,Services,Early,31670,28014,0.033,4753
EdgeFlow,Others,Scale,48922,24997,0.049,3880
CloudLogic,Others,Growth,58608,35796,0.107,4085
ServiceFlow,Services,Early,37489,30620,0.021,5750
PulsePrime,Services,Scale,46950,32197,0.049,2739
PulsePrime,SaaS,Early,12523,10322,0.115,2344
DataLabs,SaaS,Early,11400,9939,0.122,1730
ProPulse,Others,Idea,29229,23699,0.054,5481
PrimePro,Services,Growth,24567,12475,0.045,2608
NovaEdge,SaaS,Scale,56256,33126,0.235,4817
EdgeNest,SaaS,Early,47158,41373,0.234,7148
EdgeNova,Services,Scale,57729,34184,0.099,4839
SmartHub,SaaS,Early,14929,12783,0.156,2823
CorePro,SaaS,Scale,89405,51831,0.273,6142
LogicNova,Retail,Growth,85289,48539,0.011,6673
LogicSync,Services,Growth,76754,40248,0.012,8695
PrimeNova,Services,Idea,14197,12766,0.096,2227
XLink,SaaS,Scale,59599,30612,0.137,5298
EdgePrime,Services,Growth,61910,33728,0.043,4996
TechEdge,SaaS,Early,13746,12241,0.199,2289
RetailPrime,SaaS,Growth,69041,46119,0.168,6878
LogicEdge,Services,Early,6368,5295,0.071,1224
XLabs,Services,Scale,43991,23073,0.067,2581
SmartSolutions,Services,Early,28081,25019,0.027,5365
ProWorks,Services,Growth,55525,28627,0.096,3736
SmartSolutions,Retail,Growth,97028,51211,0.072,8131
SmartWorks,SaaS,Idea,24065,20484,0.254,4735
NovaSync,Retail,Early,35890,28764,0.122,7144
ProFlow,SaaS,Idea,20782,17672,0.276,4107
PrimeHub,SaaS,Early,22709,19404,0.132,4191
PrimeNest,Others,Early,25700,21709,0.168,4696
ServiceNova,Retail,Growth,93880,59061,0.032,8289
CloudNova,Others,Early,59565,52376,0.052,9489
EdgeNest,Services,Early,7529,6181,0.033,1494
PulseEdge,Services,Growth,76416,38867,0.026,5919
ProX,Retail,Idea,50240,43739,0.081,9619
TechLabs,Retail,Scale,87711,61069,0.063,9145
XEdge,Retail,Scale,53225,34788,0.098,5021
TechSync,SaaS,Growth,96688,66484,0.284,10841
ServiceHub,Services,Growth,46655,29827,0.093,5012
ProFlow,SaaS,Scale,70028,39408,0.227,5246
NovaEdge,SaaS,Early,36398,32121,0.238,6464
LogicSolutions,Services,Idea,9099,7400,0.028,1473
EdgeHub,SaaS,Early,6801,5825,0.287,1220
EdgeX,Others,Growth,89095,51007,0.167,5728
NextLogic,Others,Idea,70101,59385,0.1,11841
LogicPulse,Others,Growth,89177,60349,0.075,8728
ProWorks,Retail,Scale,66149,34031,0.091,7260
PrimePulse,SaaS,Scale,77160,47991,0.148,5947
PrimeWorks,Others,Growth,62868,38293,0.049,5537
NextLink,Retail,Idea,9823,8753,0.011,1711
ProX,Others,Growth,76069,50393,0.075,4397
CloudFlow,Others,Growth,24345,16875,0.049,2481
NovaNova,Others,Early,69244,58468,0.064,10667
RetailLogic,SaaS,Idea,36089,31502,0.16,6495
TechPulse,Retail,Scale,51552,29612,0.116,3800
DataPrime,Others,Growth,24889,14943,0.121,2253
DataSync,SaaS,Growth,82363,41999,0.151,6799
TechPulse,SaaS,Scale,67380,45450,0.117,5668
XLabs,Retail,Growth,92137,52373,0.145,7476
XFlow,Others,Growth,19100,10277,0.184,1695
PulseHub,Services,Early,32699,28651,0.083,5464
DataPrime,Retail,Early,43762,38494,0.127,8721
CoreHub,SaaS,Early,40779,36460,0.225,7629
EdgeX,Services,Growth,76207,38729,0.077,6189
CloudEdge,Others,Growth,16896,9806,0.138,1377
CoreLogic,SaaS,Scale,53228,31556,0.224,4451
SmartPrime,Retail,Early,32718,28626,0.086,5242
TechNova,Others,Growth,46254,27611,0.015,3545
XX,Services,Growth,23010,15956,0.074,2692
NovaPulse,Services,Growth,69549,45980,0.037,8161
XPrime,Services,Growth,42432,27218,0.033,3448
SmartPulse,Retail,Early,31905,27154,0.07,4872
SmartLink,SaaS,Growth,77369,53807,0.148,7461
ServicePrime,Services,Early,17613,14334,0.076,3397
ServiceLabs,Services,Early,6994,5940,0.073,1348
PrimeFlow,Others,Early,74805,64135,0.075,13646
NovaSolutions,Others,Growth,88173,52855,0.044,5076
CoreLogic,Retail,Scale,70659,46857,0.094,5480
LogicSync,Retail,Growth,55190,33727,0.092,3559
ProSolutions,Services,Growth,67668,35027,0.08,7398
TechLogic,Services,Growth,59434,32975,0.084,6050
CoreWorks,Services,Growth,46292,28102,0.067,2951
CloudSync,Services,Idea,39268,34352,0.085,7273
CloudNest,Others,Early,35409,30689,0.093,6999
XPrime,SaaS,Early,30709,26705,0.139,4749
DataX,Retail,Early,54697,44047,0.112,8536
PrimeHub,SaaS,Idea,44965,39621,0.196,6874
NextWorks,Retail,Early,51476,44822,0.11,10034
SmartWorks,SaaS,Early,3244,2635,0.124,604
RetailHub,Retail,Scale,83541,44979,0.103,7822
NovaPulse,Retail,Early,32518,26824,0.067,5332
PulseNest,SaaS,Early,11875,10117,0.14,2259
CloudX,Retail,Early,10127,8886,0.064,1776
XHub,SaaS,Growth,63749,41436,0.261,3798
ServiceSync,SaaS,Early,9669,8637,0.285,1693
CoreLink,Services,Early,15440,13471,0.085,2982
DataPro,Retail,Growth,62373,35382,0.139,3171
PrimeLabs,SaaS,Idea,19064,16440,0.113,3169
LogicSolutions,Retail,Idea,53247,47776,0.083,9622
XWorks,Services,Early,32077,27129,0.053,6067
RetailEdge,SaaS,Idea,3779,3063,0.267,612
EdgePro,Services,Early,19400,17011,0.016,3470
CloudSolutions,SaaS,Early,38706,34030,0.18,6628
EdgeWorks,SaaS,Growth,91302,47805,0.109,7364
TechLabs,Retail,Growth,72785,40212,0.069,3843
NovaSolutions,Retail,Growth,70914,43649,0.09,5196
RetailPrime,Services,Early,8727,7075,0.043,1352
NextPrime,Services,Scale,61395,42894,0.088,5496
CloudSolutions,Others,Early,82731,73202,0.14,13609
ProPrime,Retail,Idea,14145,12388,0.049,2347
TechLabs,SaaS,Growth,71271,41610,0.123,4421
LogicLabs,Services,Early,32831,28269,0.059,5335
XX,SaaS,Early,3663,3135,0.203,568
CloudNest,Retail,Growth,77594,50334,0.085,8554
RetailPro,SaaS,Scale,61211,31581,0.237,7056
ProPrime,SaaS,Early,14515,11795,0.216,2733
PrimeWorks,Others,Growth,60935,32425,0.112,3866
NovaFlow,Services,Scale,68947,43071,0.022,4942
PulsePro,Services,Early,19143,17054,0.078,3519
RetailFlow,Retail,Early,13446,11598,0.032,2268
NovaLogic,SaaS,Early,30571,25147,0.223,4647
DataNest,SaaS,Early,23356,19779,0.13,4653
ServiceSync,SaaS,Early,27535,22595,0.29,4601
EdgeSolutions,Retail,Scale,91214,53369,0.089,4695
PulsePrime,Services,Growth,52152,26168,0.044,3709
NovaPulse,Services,Growth,75648,39136,0.058,8618
RetailPro,SaaS,Early,12957,11170,0.124,2576
CloudWorks,Others,Growth,49353,32093,0.189,4805
XFlow,Services,Scale,22637,11768,0.049,2128
PulseLabs,Retail,Growth,78742,50408,0.117,9060
CoreSync,Services,Idea,35422,30954,0.016,5999
SmartPro,Retail,Growth,70786,38274,0.144,8091
CoreNest,SaaS,Idea,46903,40889,0.295,7920
RetailLink,Retail,Early,31019,26766,0.1,5972
ProWorks,Services,Idea,38770,33120,0.069,6347
LogicLogic,SaaS,Growth,84765,49058,0.222,6876
XX,SaaS,Growth,77675,42385,0.112,5515
LogicWorks,SaaS,Early,20177,16887,0.233,3146
ServiceSolutions,SaaS,Early,16194,14357,0.215,2975
ServiceEdge,Others,Early,72101,62474,0.09,13343
NovaLink,Services,Early,2835,2411,0.011,523
CoreEdge,Retail,Early,54398,47856,0.081,10201
NextSync,SaaS,Early,3607,3037,0.2,705
ProNest,Retail,Growth,81099,46384,0.085,8127
LogicWorks,Retail,Idea,29090,24601,0.077,4925
ServiceNest,SaaS,Idea,4491,3933,0.238,868
PrimeNova,Retail,Early,43523,35118,0.087,7436
EdgeLabs,Retail,Scale,62126,41923,0.041,3795
NovaPrime,Services,Growth,64115,32758,0.097,5506
TechLogic,Services,Growth,79342,47649,0.086,7582
NovaFlow,SaaS,Early,16761,13703,0.203,3114
PulseLabs,Retail,Growth,90978,54071,0.042,5607
SmartFlow,Services,Idea,16017,13363,0.099,2791
CoreWorks,Retail,Growth,95004,48499,0.073,6444
DataPulse,Others,Scale,74690,52040,0.02,4240
CloudEdge,Services,Growth,75899,52544,0.067,7864
NextLabs,SaaS,Scale,70528,35572,0.255,4190
EdgeLogic,SaaS,Growth,85294,49716,0.287,6994
XFlow,Services,Early,12386,10879,0.011,2330
CoreFlow,SaaS,Scale,89520,54937,0.258,10659
TechX,Retail,Idea,20979,17600,0.134,4085
ServicePro,Others,Growth,5025,3002,0.19,271
RetailPulse,Retail,Early,14174,11411,0.087,2757
DataPrime,Retail,Idea,49548,40346,0.091,8132
TechSync,Services,Early,7724,6815,0.074,1386
XNest,Retail,Early,24881,21344,0.022,3924
ServiceSolutions,Retail,Early,17926,14982,0.019,2756
SmartSync,Others,Growth,28307,14646,0.068,3331
RetailLogic,Retail,Idea,27486,23069,0.046,4600
XFlow,Others,Early,83768,72252,0.188,15412
CloudPulse,Others,Growth,94301,50195,0.193,8263
DataLink,SaaS,Early,26616,21357,0.207,4908
LogicFlow,SaaS,Growth,96098,62140,0.299,6739
RetailPrime,SaaS,Growth,74518,45207,0.181,4608
SmartEdge,SaaS,Growth,88885,46740,0.112,9702
LogicFlow,SaaS,Growth,91266,47527,0.159,5142
ProLink,Services,Early,19106,16453,0.043,3604
NovaLink,SaaS,Growth,78258,39343,0.279,4071
PulseLink,SaaS,Early,28912,25390,0.197,5485
PulseWorks,Services,Early,38160,31244,0.078,6174
DataNest,SaaS,Growth,72906,36585,0.23,6254
ProPro,Services,Early,31841,28163,0.017,5902
CoreSolutions,SaaS,Growth,66378,35040,0.214,7352
NextFlow,SaaS,Growth,77445,53063,0.232,5980
LogicX,Services,Scale,35867,21218,0.046,3970
SmartNest,Services,Scale,51213,26881,0.064,4534
ProNest,Others,Early,39285,32795,0.18,7791
NextPulse,Services,Early,16744,14884,0.024,2656
RetailSolutions,Services,Growth,31422,17430,0.076,1685
NextFlow,SaaS,Early,37931,33462,0.128,7107
XLabs,SaaS,Growth,55470,33182,0.164,3520
ProSync,Services,Growth,45957,29999,0.056,4805
EdgePro,Services,Growth,42990,26452,0.099,2877
LogicLabs,Others,Early,34085,27277,0.171,5762
DataEdge,Retail,Early,47982,41633,0.019,8628
XLink,Retail,Early,17601,14571,0.065,3245
EdgeLogic,Services,Early,22805,20168,0.051,3669
DataWorks,SaaS,Scale,68645,43619,0.124,3763
PulseSync,Others,Early,59031,48524,0.058,11445
TechPulse,Others,Early,7743,6379,0.051,1321
PrimeSync,Retail,Idea,31569,25279,0.081,4955
SmartLabs,Services,Growth,23557,16379,0.096,2497
XX,Services,Growth,43544,24413,0.074,3270
XLink,SaaS,Early,4127,3510,0.256,796
XSolutions,Others,Idea,67381,53990,0.132,10723
RetailLink,Retail,Early,59512,47972,0.108,8956
LogicWorks,Services,Early,14467,11900,0.026,2797
NovaLogic,SaaS,Growth,52581,29488,0.262,3711
NextWorks,Others,Growth,30113,20982,0.183,3301
SmartX,Retail,Early,38804,31917,0.103,7004
RetailSolutions,SaaS,Early,6065,4947,0.25,1082
XHub,Others,Scale,33940,16984,0.06,2928
ServiceLogic,SaaS,Early,11109,9875,0.214,2017
EdgePrime,SaaS,Growth,93169,54870,0.105,7589
XPulse,Others,Early,4880,3965,0.134,745
ProHub,Others,Early,15799,13372,0.035,3103
CloudPro,Retail,Idea,52498,42857,0.053,9505
XSolutions,Services,Growth,70341,46537,0.079,4078
PulseHub,Retail,Scale,59979,30454,0.08,6210
RetailSolutions,SaaS,Early,39176,33136,0.206,5944
EdgeHub,SaaS,Idea,6285,5082,0.273,1100
NextX,Services,Idea,12889,10653,0.049,2577
NovaPrime,Services,Early,26662,21765,0.019,4193
NextWorks,Services,Early,30315,25841,0.07,4952
CoreLabs,Services,Idea,24340,21053,0.088,4659
PrimeLogic,SaaS,Growth,57959,36434,0.163,5420
NextNest,Retail,Early,15367,12977,0.136,2408
ServiceEdge,SaaS,Early,36268,32434,0.222,6954
RetailLabs,Retail,Scale,89065,53564,0.09,10266
NovaSync,Retail,Early,33853,29246,0.058,6767
LogicPrime,Others,Scale,8170,5374,0.125,783
NovaLink,Retail,Early,6893,5995,0.112,1322
NovaLabs,SaaS,Scale,67509,46927,0.113,7259
PulseSolutions,SaaS,Growth,87201,58936,0.203,7651
ServicePrime,Services,Growth,72635,50590,0.092,5864
TechNova,Services,Scale,21986,11928,0.019,1198
LogicPro,SaaS,Early,36775,32454,0.272,6369
LogicPro,SaaS,Scale,50229,34443,0.228,3607
CoreSync,Services,Early,18885,16867,0.04,3696
ServiceHub,SaaS,Early,34737,30089,0.263,6512
ProSolutions,Services,Early,25781,21416,0.015,4309
ProNova,Services,Growth,40750,25717,0.014,3742
EdgeLink,SaaS,Early,26523,23117,0.295,5282
PulseSync,SaaS,Growth,77370,39876,0.234,8316
XWorks,Others,Growth,29477,17222,0.169,3284
DataEdge,Retail,Growth,52823,31125,0.104,3876
RetailLink,Retail,Growth,58391,39836,0.125,6026
PrimeLabs,Services,Early,4311,3813,0.049,720
DataSolutions,Others,Early,62192,50322,0.154,11140
ServicePrime,Others,Early,25143,22301,0.046,4276
PrimeNest,Services,Early,5815,4725,0.057,904
SmartSync,Retail,Idea,17446,15386,0.056,2922
NextHub,SaaS,Early,11750,10569,0.293,2021
ServiceLink,Services,Early,25515,21894,0.077,4689
PrimeWorks,Retail,Scale,94678,60394,0.05,9332
DataHub,Retail,Growth,60776,39617,0.097,3368
ServiceFlow,Others,Early,78225,64020,0.03,14913
PrimeNest,SaaS,Growth,75212,42455,0.255,4133
PrimeSync,Retail,Early,18393,16249,0.018,3446
CoreLogic,SaaS,Early,32846,29398,0.16,4958
DataX,Retail,Growth,88784,44978,0.144,5744
PulsePrime,SaaS,Early,8938,7787,0.135,1446
SmartLink,SaaS,Early,6611,5321,0.197,996
NovaX,SaaS,Scale,55577,36225,0.2,6326
CoreLabs,Services,Scale,54831,35681,0.033,6177
LogicLink,Services,Growth,21294,13558,0.063,2190
ServiceLink,Retail,Growth,67706,46419,0.033,3396
TechHub,Others,Growth,59849,33453,0.077,5358
SmartWorks,Retail,Early,19650,16620,0.046,3811
NovaLogic,SaaS,Early,23372,20912,0.141,4223
CoreHub,Others,Idea,13191,11830,0.096,2602
EdgeEdge,SaaS,Early,6147,5238,0.194,944
NextFlow,Others,Growth,41733,21643,0.037,2392
PrimeHub,SaaS,Early,2849,2425,0.121,488
DataSolutions,Others,Scale,21183,13317,0.047,1204
TechLink,SaaS,Scale,88563,45819,0.147,5451
XPrime,Others,Growth,51639,32593,0.112,5030
CorePulse,Retail,Growth,85199,43531,0.012,4873
NovaLink,Others,Scale,75329,44528,0.179,6769
PulsePulse,SaaS,Early,38960,32823,0.168,6201
LogicNova,Retail,Growth,70655,44856,0.147,8407
ProPro,Others,Early,12110,9848,0.179,1983
ServiceSync,Retail,Growth,94328,61892,0.137,7244
TechLabs,Services,Early,22619,19202,0.03,3481
NovaLink,Services,Scale,48036,31340,0.094,5565
SmartWorks,Retail,Scale,80544,55621,0.044,7546
DataPulse,Services,Early,6067,4894,0.034,1187
NovaFlow,Retail,Early,45049,39287,0.046,8378
EdgePro,Others,Scale,64644,41121,0.067,5304
RetailHub,SaaS,Early,37784,33337,0.147,6900
DataX,SaaS,Scale,81345,50370,0.121,4164
CorePro,Others,Growth,80569,54990,0.044,4068
CloudPulse,Others,Early,65824,54051,0.06,12055
ProHub,Retail,Early,47075,38775,0.022,8874
PulseX,Services,Early,12116,9857,0.098,2402
SmartWorks,SaaS,Growth,59247,38325,0.204,3847
LogicPulse,SaaS,Early,26628,23475,0.176,4112
LogicPulse,Retail,Growth,56041,32497,0.069,4821
NovaLink,Retail,Early,49722,40606,0.148,9499
NextLabs,Retail,Growth,80337,41294,0.018,4694
TechX,SaaS,Scale,66363,43620,0.149,4739
CorePrime,Others,Scale,47660,28080,0.145,4825
PulseFlow,Others,Early,59026,49350,0.153,10330
DataLabs,Services,Growth,38174,21847,0.058,4571
TechHub,Retail,Growth,52073,32649,0.13,3860
PrimeNova,SaaS,Growth,76811,47552,0.277,6050
CoreFlow,Services,Scale,65505,36012,0.092,3983
PrimeWorks,Services,Early,4147,3356,0.012,803
XSolutions,SaaS,Early,41634,35179,0.169,6605
XHub,Others,Scale,9733,5852,0.041,1141
ServiceNest,Services,Early,17635,15373,0.07,2948
NextWorks,Others,Growth,70959,45269,0.19,6688
XSync,Services,Scale,42554,25153,0.057,2150
DataSolutions,Services,Idea,14454,12642,0.023,2803
XLink,Retail,Scale,90544,49492,0.124,8257
TechHub,Others,Early,38387,32060,0.094,5891
ProEdge,Others,Growth,8856,5164,0.059,980
PrimeX,SaaS,Growth,60912,37050,0.111,6035
TechSolutions,SaaS,Scale,62404,39025,0.172,7469
NovaLabs,Retail,Idea,25121,21206,0.028,4134
TechSolutions,Services,Early,8789,7735,0.051,1634
CloudPrime,Others,Growth,6544,3916,0.047,540
TechNova,SaaS,Growth,69641,47563,0.167,8124
PulseSolutions,Retail,Growth,70390,48356,0.099,7948
CloudPro,Retail,Early,55095,46147,0.024,9980
DataSolutions,Others,Early,23760,19440,0.067,3624
DataSync,Services,Early,37891,31852,0.093,7030
NovaHub,Services,Growth,57921,30411,0.044,3011
CloudHub,Retail,Early,12610,10928,0.05,2261
EdgeHub,Retail,Early,7370,6213,0.053,1460
CloudWorks,SaaS,Scale,95890,52652,0.244,10009
ServiceSolutions,SaaS,Idea,16450,13168,0.183,2550
CloudWorks,Others,Scale,12560,7111,0.057,1497
CoreLabs,Services,Growth,23170,14056,0.1,2457
TechFlow,Others,Growth,1028,563,0.063,81
LogicLogic,Others,Early,48657,43427,0.08,7551
ServiceNest,Retail,Idea,59943,50002,0.057,9013
CoreX,Services,Growth,79557,53433,0.047,9437
NextEdge,Others,Growth,59701,38710,0.016,3493
ProPro,Services,Growth,76821,43157,0.043,7980
LogicNova,SaaS,Early,30432,24698,0.269,4777
ServiceX,Retail,Growth,53071,26929,0.021,5151
PulseNest,SaaS,Growth,62666,32429,0.287,6755
TechSync,Others,Growth,88755,48231,0.113,10453
ServiceFlow,Services,Growth,63076,35186,0.096,3374
CoreLogic,SaaS,Growth,79680,45848,0.293,5510
EdgeNest,Services,Growth,25796,17969,0.058,2197
XEdge,Services,Idea,31825,27692,0.011,4853
DataSync,Retail,Early,41964,37023,0.012,7432
ServiceNova,SaaS,Idea,30715,26105,0.114,5658
LogicLink,Services,Early,5457,4783,0.029,907
NovaLogic,Retail,Early,26826,23200,0.034,5194
ProPro,Services,Idea,14171,12198,0.018,2581
NextNest,Retail,Early,33253,26845,0.098,5409
CloudPro,Others,Early,56982,46266,0.128,11210
CloudWorks,Retail,Growth,78740,46535,0.115,4667
XEdge,Retail,Scale,92929,58903,0.124,6342
LogicNest,Others,Idea,89780,79485,0.173,13912
SmartX,Retail,Scale,81711,53350,0.021,6645
LogicX,SaaS,Growth,87863,56584,0.12,8226
EdgeX,SaaS,Early,15842,14104,0.239,2453
ServiceFlow,Services,Idea,17567,15307,0.089,2746
XFlow,Services,Growth,34086,19892,0.014,2394
PulseLink,Services,Growth,47874,25477,0.073,4937
DataLabs,SaaS,Growth,81501,50226,0.116,5169
DataNest,SaaS,Idea,49406,42062,0.29,8734
TechPrime,SaaS,Idea,44795,38454,0.259,7483
NovaEdge,Retail,Early,7513,6379,0.129,1439
SmartLink,Retail,Early,10649,9145,0.141,1984
PrimeNest,Retail,Early,14746,12148,0.121,2571
XFlow,Retail,Early,5595,4788,0.147,1056
XEdge,Others,Growth,16882,9471,0.042,1388
SmartLink,SaaS,Scale,69838,37859,0.238,7781
PulseSolutions,Retail,Early,15255,13046,0.06,2629
CoreHub,Services,Scale,31953,18077,0.035,2010
TechEdge,Retail,Early,20493,17332,0.116,3285
SmartX,Services,Early,30251,26210,0.031,5278
PulseSolutions,Others,Early,78926,65814,0.117,12648
CloudNest,Others,Growth,93385,57589,0.098,10018
ProLogic,SaaS,Scale,81225,54817,0.171,8170
NextHub,Others,Growth,50111,26950,0.064,3444
LogicNova,Retail,Early,54037,45894,0.021,8635
PrimeNova,SaaS,Growth,94140,58052,0.247,6826
RetailLabs,Retail,Early,46297,37627,0.138,8087
ProWorks,Others,Scale,89290,62309,0.06,8665
TechSync,Retail,Growth,78114,42214,0.025,6002
XPrime,SaaS,Early,17138,15085,0.257,3007
ServiceLabs,Services,Growth,32886,17200,0.063,3180
RetailEdge,SaaS,Growth,85278,57651,0.139,6135
EdgeHub,SaaS,Idea,29942,25865,0.24,4659
RetailLink,SaaS,Growth,82826,54695,0.193,6238
PulseNest,SaaS,Early,9314,8141,0.124,1749
PrimeSync,SaaS,Growth,65357,39374,0.197,6128
ProWorks,SaaS,Growth,69938,37415,0.235,4346
SmartSync,Services,Growth,61894,31726,0.027,3235
NovaWorks,SaaS,Growth,74596,48422,0.299,7206
NextHub,SaaS,Growth,96228,51093,0.16,6488
PrimeX,Others,Early,59436,49062,0.103,10126
CoreLink,Retail,Growth,71922,36765,0.03,3862
LogicLogic,Services,Early,10434,8639,0.043,1648
EdgeWorks,SaaS,Early,2541,2167,0.212,403
DataSync,SaaS,Early,35625,29636,0.219,5718
ServiceSync,SaaS,Early,19653,17629,0.104,3737
EdgeNest,SaaS,Growth,94013,53777,0.118,6391
LogicEdge,SaaS,Idea,12095,10520,0.229,2288
CloudPrime,SaaS,Growth,59166,37771,0.131,3967
RetailSolutions,SaaS,Early,1555,1259,0.291,281
TechPrime,SaaS,Idea,7854,6599,0.284,1433
TechLogic,Retail,Growth,95730,62555,0.14,8028
PrimeLink,SaaS,Idea,8373,7035,0.11,1464
DataHub,Retail,Early,57460,49947,0.044,11296
ServiceNova,Retail,Growth,83760,55335,0.031,6337
DataX,Services,Idea,6782,5436,0.08,1140
ProFlow,SaaS,Growth,52983,28509,0.173,3042
DataSolutions,Services,Idea,11677,9548,0.096,1793
NovaHub,Services,Early,24936,21392,0.092,4431
DataHub,SaaS,Growth,96057,66704,0.132,7184
ProHub,Others,Early,75599,67032,0.18,14817
RetailPulse,Others,Early,3413,2806,0.149,597
CoreHub,SaaS,Early,43098,37093,0.133,8183
NovaLabs,SaaS,Early,15195,12295,0.211,2957
CloudSolutions,Services,Growth,61294,34784,0.012,4782
RetailNova,Services,Early,25698,22151,0.07,4929
RetailNest,SaaS,Growth,87792,59397,0.195,7583
ServiceLink,SaaS,Scale,88756,61681,0.269,7550
XSolutions,Retail,Early,33469,29665,0.058,6526
CoreNest,Retail,Scale,83146,47393,0.14,4539
DataEdge,Services,Early,18608,16441,0.097,3512
SmartLink,Retail,Scale,66117,37879,0.128,4208
ProLogic,Retail,Idea,45039,39652,0.081,6896
ProPrime,Services,Growth,43027,23299,0.061,4765
PulseLink,SaaS,Early,12133,10356,0.117,2004
NextNova,SaaS,Early,2777,2486,0.164,537
CoreLink,Services,Growth,62264,34791,0.07,6174
NextPulse,Others,Growth,99273,55821,0.159,8040
ServiceSolutions,Retail,Idea,33906,29265,0.033,6045
PulseNova,Retail,Early,34092,28556,0.061,6010
SmartLabs,SaaS,Growth,81467,54560,0.278,6833
NextPrime,Retail,Growth,60972,33870,0.141,6137
SmartLabs,Retail,Scale,83172,46819,0.022,8147
EdgeWorks,SaaS,Growth,70594,42491,0.209,5306
CloudSync,SaaS,Scale,81021,47678,0.234,5840
CoreLogic,Retail,Growth,85851,57889,0.043,10175
PrimeNest,SaaS,Early,2469,2108,0.202,400
NovaFlow,SaaS,Early,18207,14872,0.138,3150
DataLogic,SaaS,Growth,91757,58079,0.121,8904
ServiceFlow,SaaS,Growth,76469,50844,0.184,4215
ServiceWorks,SaaS,Idea,1021,859,0.24,167
NovaFlow,Others,Early,33959,27192,0.108,5158
PrimeNova,Retail,Scale,54662,35813,0.073,4445
NextLogic,Services,Growth,45032,26643,0.095,4375
NextLink,Services,Early,17651,15618,0.092,3126
SmartSolutions,Retail,Early,30692,25342,0.122,5574
PulseNova,SaaS,Early,18127,15415,0.266,3321
PulseNest,Retail,Early,23120,18942,0.095,4251
NextWorks,Retail,Early,22740,19825,0.091,4489
ProLabs,Services,Idea,8009,7120,0.064,1414
NovaLabs,Retail,Growth,88744,55831,0.135,8990
DataWorks,SaaS,Early,39367,33687,0.249,6456
LogicLogic,SaaS,Growth,98113,57431,0.23,9900
CloudLabs,Retail,Scale,96368,61548,0.149,6693
LogicWorks,Services,Early,23885,21136,0.05,4680
ServiceNova,Retail,Growth,73932,47083,0.134,4750
DataPro,Retail,Early,43931,39363,0.102,7738
PrimeSync,Others,Scale,9071,5106,0.107,1051
SmartFlow,Services,Early,28201,23148,0.028,4497
EdgeX,SaaS,Growth,72606,39195,0.185,5590
TechLogic,SaaS,Growth,96936,62722,0.259,6675
ProX,SaaS,Early,25811,21850,0.112,4210
ServiceLink,SaaS,Early,21661,17552,0.246,3669
NextNest,SaaS,Growth,80815,48374,0.136,8197
CorePro,SaaS,Growth,83161,56244,0.203,8668
ProPro,SaaS,Early,48098,41681,0.176,9510
ServicePrime,SaaS,Growth,85036,51524,0.154,4377
PrimeWorks,Others,Early,69371,55722,0.123,12276
DataLink,SaaS,Growth,65690,41022,0.186,4610
LogicNest,Retail,Early,39731,35127,0.15,6815
PulseLabs,Retail,Scale,56461,33867,0.094,3070
LogicHub,Others,Early,11940,10036,0.018,1998
SmartX,SaaS,Early,2067,1796,0.277,408
CloudX,Retail,Idea,51946,45772,0.018,9190
RetailLogic,Others,Early,62245,55610,0.156,11384
EdgePulse,Others,Growth,58225,34342,0.161,5141
PrimeLogic,Services,Early,19070,17019,0.057,2972
ProPrime,SaaS,Growth,92933,60399,0.246,8744
PrimeEdge,SaaS,Idea,11420,9847,0.102,1824
CoreWorks,Services,Early,15201,12909,0.085,2405
PulseSync,Others,Early,33624,28929,0.067,5734
SmartLogic,Retail,Idea,16392,13751,0.072,3189
TechNest,Retail,Early,30112,24527,0.083,5967
XLink,SaaS,Early,19758,15965,0.195,2974
ServiceNova,Services,Early,17371,15041,0.036,3092
XLogic,SaaS,Early,11892,10530,0.237,1815
TechLogic,SaaS,Growth,90288,60412,0.26,7728
ProWorks,Retail,Growth,79823,49978,0.115,5161
ProPrime,Retail,Idea,24768,20200,0.042,3977
PulseNova,SaaS,Early,26596,21774,0.113,5317
CoreLink,SaaS,Scale,77563,50190,0.116,5830
NextX,Services,Growth,26372,16111,0.091,3028
CoreWorks,SaaS,Growth,66956,36430,0.285,7416
PulseLabs,Retail,Early,20722,18418,0.074,3737
CoreLogic,SaaS,Growth,84489,58645,0.212,6214
EdgeSolutions,Retail,Growth,89709,53733,0.022,7997
SmartLabs,Retail,Growth,77250,42344,0.114,7920
LogicPro,SaaS,Scale,96412,57533,0.159,6567
CorePro,SaaS,Early,9168,7988,0.173,1399
NovaSync,SaaS,Idea,17988,14900,0.276,3232
XNest,SaaS,Growth,73704,42798,0.235,4665
ServiceSolutions,Others,Growth,92141,58915,0.116,7100
EdgeSolutions,SaaS,Early,32320,28272,0.21,5579
PrimeSync,Services,Early,19463,17286,0.017,3607
ServiceEdge,SaaS,Idea,41719,33626,0.175,8189
LogicSolutions,Services,Early,33106,29404,0.095,6190
ServiceLogic,Services,Growth,66715,40053,0.049,4922
SmartEdge,Retail,Growth,93148,47490,0.037,9812
NextSolutions,Retail,Early,47367,38733,0.107,8565
EdgeX,Retail,Early,31205,26182,0.137,4726
XWorks,SaaS,Idea,17043,15204,0.216,3011
NovaSync,Others,Early,82976,74218,0.05,14604
PrimeX,Services,Growth,41217,21571,0.022,3610
TechX,Others,Scale,70847,46503,0.047,3973
SmartSync,SaaS,Growth,76872,42246,0.107,4392
CorePulse,Services,Idea,39909,34572,0.063,6830
CoreHub,Others,Scale,45999,29674,0.032,3608
ServiceNest,SaaS,Growth,98373,64523,0.253,11617
XEdge,SaaS,Growth,52763,27132,0.169,5383
NovaNova,Services,Early,7574,6371,0.022,1388
CloudFlow,Retail,Early,16688,14417,0.057,3260
SmartX,Services,Early,14041,11864,0.078,2664
XEdge,SaaS,Idea,12586,10183,0.2,2053
SmartLogic,Services,Early,27179,24179,0.072,5244
SmartEdge,SaaS,Early,22390,19849,0.164,3558
RetailNest,SaaS,Early,23375,20069,0.204,3681
TechX,SaaS,Growth,65754,40238,0.172,7008
ProFlow,Services,Early,33891,29810,0.038,5207
XPro,Services,Idea,33115,28957,0.024,5183
NextLabs,Retail,Scale,50864,32007,0.132,2691
PulseX,Retail,Scale,85771,45145,0.13,8094
EdgeWorks,Others,Growth,30377,18394,0.135,2015
PulseNova,Retail,Scale,83714,42152,0.082,7289
NextFlow,Services,Growth,33877,19463,0.042,2983
NovaFlow,Retail,Scale,53258,35183,0.068,3720
EdgePro,Retail,Idea,20775,17787,0.114,3804
XNova,Retail,Early,5055,4352,0.064,835
NextFlow,SaaS,Early,13663,11949,0.176,2256
XNest,Services,Early,18493,16307,0.094,3278
ServiceLink,Retail,Early,56067,49918,0.024,9061
RetailWorks,SaaS,Growth,80869,43965,0.126,4115
ServiceLabs,Others,Growth,9837,5094,0.093,651
SmartLabs,Retail,Growth,83551,54680,0.021,9018
CorePrime,Retail,Early,52268,41998,0.091,9896
ServicePro,Others,Growth,65839,34101,0.193,7012
TechSync,Services,Growth,52275,26180,0.011,4138
PulseHub,SaaS,Early,43487,35490,0.213,8575
NextPrime,Others,Growth,67961,46058,0.094,4078
SmartPro,Services,Early,36258,31871,0.068,6986
SmartSync,SaaS,Early,32113,28884,0.236,4936
PulseNest,SaaS,Scale,66142,46296,0.245,3836
PrimeWorks,Services,Early,37135,30838,0.018,5573
RetailSync,Services,Early,30549,26188,0.1,5020
LogicEdge,Retail,Scale,72322,44866,0.019,8540
PulsePrime,Others,Growth,51617,35875,0.054,5765
ProX,Services,Idea,36457,30213,0.056,6939
RetailFlow,SaaS,Early,46771,39427,0.157,8739
NextLabs,SaaS,Idea,6660,5536,0.218,1045
EdgeEdge,SaaS,Growth,73296,43712,0.201,5286
CoreHub,Services,Early,34060,28611,0.08,6712
DataFlow,SaaS,Early,13397,11857,0.21,2563
PulsePulse,Retail,Scale,78341,41128,0.025,7692
EdgeLogic,Services,Growth,78126,43525,0.097,5617
TechWorks,Others,Early,95826,78080,0.029,17152
RetailPrime,SaaS,Growth,94827,51574,0.193,7617
XLink,Services,Growth,59710,39625,0.096,6431
LogicPrime,SaaS,Idea,30388,25272,0.255,4637
NovaLabs,Services,Early,20320,17610,0.083,3565
PulseLink,SaaS,Growth,99024,54177,0.287,10909
DataNova,Retail,Early,35984,31700,0.122,7075
LogicWorks,Services,Growth,66665,46209,0.029,7118
RetailNest,SaaS,Early,33449,28491,0.125,6627
NextFlow,SaaS,Idea,34351,30681,0.118,6031
PrimeNova,Services,Early,16855,15060,0.043,2857
EdgeWorks,Services,Early,27738,22633,0.097,5429
CloudLogic,Services,Early,18184,15855,0.077,3195
LogicEdge,Services,Idea,23618,20872,0.038,4142
ProHub,Retail,Growth,82069,42212,0.042,9455
NovaWorks,SaaS,Scale,87008,55508,0.22,5004
PrimePro,SaaS,Growth,73004,45671,0.155,8298
TechWorks,SaaS,Scale,88015,50526,0.145,9778
ProNest,Others,Early,89222,72071,0.111,14737
EdgePulse,Retail,Scale,56668,31904,0.053,3437
NextEdge,Retail,Early,28970,24414,0.113,4833
LogicPulse,Retail,Scale,77105,51752,0.071,4896
DataX,Others,Scale,20551,12272,0.144,1070
EdgePro,SaaS,Growth,52024,26794,0.207,5713
EdgePrime,Retail,Scale,57086,39181,0.039,4286
SmartLogic,Retail,Growth,52511,31327,0.102,4503
XPrime,Services,Early,32958,28858,0.054,5128
DataLogic,SaaS,Early,4175,3342,0.164,714
TechPrime,Others,Growth,45990,29255,0.173,4324
PrimeWorks,Others,Idea,1002,828,0.02,162
NextLink,Retail,Growth,65248,43079,0.063,7388
ServiceNest,Services,Scale,36331,25271,0.028,2364
CoreSync,Others,Early,94293,77063,0.082,18438
DataHub,Services,Growth,48583,25252,0.083,5374
DataNest,SaaS,Scale,66218,35894,0.213,6164
ProLink,Retail,Scale,78876,49789,0.064,5500
CoreSync,Services,Scale,78159,49055,0.039,4420
PrimeSolutions,Retail,Growth,65835,35010,0.017,5346
ServiceNova,Services,Scale,31340,17659,0.079,2659
EdgeLink,Others,Growth,26557,14902,0.123,2327
CorePulse,Others,Early,55639,44773,0.118,10469
NextNova,Retail,Early,55621,45769,0.134,8399
TechEdge,SaaS,Growth,97553,53517,0.282,5513
PrimeX,Others,Early,10852,9571,0.078,1921
ProSync,Services,Growth,57876,32327,0.044,4956
NextPro,SaaS,Growth,51312,35600,0.287,5693
LogicLink,Others,Early,69187,56225,0.17,11631
NextLogic,Others,Growth,36645,21359,0.031,2026
ProHub,Retail,Growth,80783,41372,0.068,7130
NovaPrime,Retail,Early,55762,45543,0.063,9350
PulseWorks,Retail,Idea,36831,29608,0.037,6513
EdgeNest,SaaS,Idea,33583,28051,0.165,5831
TechSync,SaaS,Early,20510,16491,0.261,3455
EdgeSync,Services,Scale,40460,27892,0.032,2703
TechEdge,SaaS,Early,22605,18445,0.279,3848
NovaNova,SaaS,Growth,56722,36367,0.264,3775
CorePrime,Retail,Early,20928,17133,0.126,3942
PrimeEdge,Retail,Early,52160,43748,0.058,10004
DataNest,Others,Growth,81758,44824,0.05,5521
PulseFlow,SaaS,Growth,54136,30096,0.138,4618
PrimeHub,SaaS,Idea,12663,10436,0.116,2125
RetailPrime,Services,Early,9219,7586,0.077,1526
ProLink,Retail,Idea,16314,14344,0.095,2850
PulseHub,SaaS,Early,16659,14967,0.177,2626
NovaSolutions,Retail,Growth,78287,51807,0.046,7400
XHub,SaaS,Early,26964,22773,0.267,4402
NovaLink,SaaS,Early,39379,32108,0.273,6431
CoreNest,Retail,Early,51484,43220,0.1,8110
RetailNest,Retail,Scale,51725,26673,0.106,5429
CoreSolutions,Others,Scale,76008,40064,0.095,8213
TechLogic,Retail,Idea,30192,26961,0.078,5269
CoreNest,Retail,Growth,97537,66088,0.074,8672
CloudFlow,Services,Early,17704,15833,0.057,3255
ProHub,SaaS,Early,35012,28468,0.22,5312
RetailNova,Services,Growth,52161,28608,0.093,4513
CloudPulse,SaaS,Scale,63275,31884,0.295,4145
LogicPrime,Others,Scale,23620,12673,0.119,2235
ProPrime,SaaS,Growth,82624,50749,0.102,5622
SmartFlow,Retail,Early,39675,33457,0.078,7237
DataWorks,SaaS,Growth,58855,36374,0.205,4109
EdgeLogic,Others,Early,52977,42836,0.027,10392
NovaEdge,Retail,Growth,89963,53120,0.016,6448
DataPrime,Retail,Early,53356,47143,0.016,8635
CoreSync,SaaS,Growth,88640,61476,0.164,10626
TechSync,Services,Early,13317,11002,0.016,2016
NovaEdge,SaaS,Early,41201,35136,0.294,7672
SmartSync,Others,Scale,38412,26261,0.088,2435
PrimeFlow,SaaS,Early,13388,11926,0.261,2052
CoreHub,SaaS,Growth,79545,50925,0.123,8281
NovaLink,SaaS,Early,4239,3618,0.276,723
EdgeFlow,Retail,Idea,6245,5474,0.02,1086
CloudWorks,Retail,Idea,10105,9039,0.05,1749
PulseX,SaaS,Early,40749,34747,0.253,6123
LogicEdge,Services,Scale,35082,23623,0.066,3397
ProFlow,Retail,Early,12436,10912,0.102,2159
LogicSync,Retail,Scale,62638,34637,0.141,6289
SmartLogic,Retail,Growth,98223,53415,0.072,9159
XPrime,Retail,Early,26586,21545,0.145,5171
PrimePro,Retail,Growth,87055,53701,0.081,6293
RetailLogic,SaaS,Growth,56533,31822,0.216,5715
LogicX,SaaS,Growth,88097,55135,0.24,8790
CoreNest,Others,Early,69916,61944,0.097,11405
NovaEdge,Others,Early,19263,17154,0.165,3223
CoreWorks,Retail,Scale,50148,32593,0.024,4179
NovaNova,SaaS,Scale,59371,37435,0.191,4622
PrimeLogic,Services,Scale,78268,42791,0.047,8187
XFlow,Retail,Early,42571,35028,0.139,7647
ServiceHub,SaaS,Growth,97096,51362,0.151,11071
NextPrime,SaaS,Early,3586,3043,0.201,570
TechLink,Services,Early,19254,17110,0.034,3104
TechEdge,Services,Early,26846,23980,0.095,4522
PulseLabs,SaaS,Growth,65321,44092,0.117,7450
TechLabs,SaaS,Early,5893,5004,0.188,1108
NextPro,SaaS,Early,2785,2491,0.281,539
CoreLink,Services,Scale,36679,24606,0.08,2100
ProWorks,SaaS,Early,34092,29710,0.288,6669
PrimePro,SaaS,Idea,1760,1579,0.188,312
PrimeNest,Services,Idea,21797,17994,0.087,3865
ServiceX,SaaS,Scale,63936,44083,0.185,3238
DataHub,Services,Growth,66940,43707,0.036,7506
XEdge,SaaS,Early,31363,26575,0.223,6067
XPro,SaaS,Growth,75017,48816,0.294,7844
TechSync,SaaS,Growth,65343,34237,0.206,4569
XLink,Services,Early,15285,12314,0.053,2702
EdgeLogic,Others,Growth,23391,13204,0.094,2534
LogicHub,Services,Growth,62861,42795,0.039,5573
DataSolutions,Retail,Growth,53747,37431,0.148,6167
NextPulse,Services,Early,26714,22241,0.084,4553
ProPrime,SaaS,Scale,76325,50464,0.116,4839
ServiceLabs,SaaS,Growth,75457,44489,0.189,8504
DataPulse,Others,Early,79627,64683,0.038,12062
PulseSolutions,SaaS,Early,1713,1520,0.16,265
SmartNova,SaaS,Idea,34024,30596,0.232,5189
EdgeLabs,SaaS,Early,42420,34532,0.225,6804
SmartLabs,SaaS,Growth,98285,65981,0.286,11449
ProHub,SaaS,Idea,5151,4555,0.244,793
NextEdge,Retail,Early,27104,21857,0.1,4862
ProPrime,Retail,Growth,94674,50339,0.078,7147
LogicLogic,Others,Idea,55273,48649,0.13,9100
NovaX,Services,Scale,42076,28509,0.014,4795
NextPulse,SaaS,Early,7786,6785,0.196,1325
DataWorks,SaaS,Early,33813,28544,0.254,5518
NextHub,Retail,Early,57371,46278,0.149,8718
ProEdge,Retail,Early,18025,15218,0.143,2925
NextPrime,SaaS,Idea,46656,39204,0.142,8896
NextFlow,Services,Growth,32501,17645,0.076,2055
CorePrime,Retail,Scale,73341,45122,0.088,4634
NovaLogic,Retail,Early,17002,14483,0.059,2749
NovaPrime,Retail,Growth,79318,54285,0.037,9299
PrimeLogic,SaaS,Growth,95167,57273,0.266,7089
NovaNova,Others,Growth,13780,7243,0.033,1287
CoreFlow,Services,Early,36346,31902,0.06,6625
DataPro,SaaS,Early,13931,11371,0.297,2143
CloudWorks,Others,Early,70778,63594,0.19,11314
XPrime,Retail,Growth,80782,51773,0.074,7096
SmartSync,Others,Growth,92556,49879,0.149,5627
ProPulse,Services,Early,32344,27748,0.027,6309
ProWorks,Retail,Early,38793,33048,0.052,6639
RetailX,SaaS,Scale,68232,37705,0.133,5144
TechPrime,SaaS,Growth,95708,59125,0.118,7673
CloudX,Retail,Scale,74405,51892,0.089,7301
PrimePro,Services,Growth,60138,33471,0.091,3109
XPulse,SaaS,Early,1765,1487,0.23,267
RetailPulse,SaaS,Growth,59341,36664,0.212,6036
XSolutions,Services,Growth,45039,23983,0.091,4415
PulseX,Others,Idea,1840,1484,0.141,329
PrimePro,Retail,Growth,88773,53342,0.092,7628
PulseHub,SaaS,Growth,88658,61540,0.135,8139
CoreLogic,SaaS,Early,26689,22509,0.171,4692
PrimeEdge,SaaS,Growth,96612,61598,0.273,6852
XLabs,Others,Growth,92760,47974,0.146,5912
TechNest,SaaS,Scale,96585,60909,0.13,8577
LogicSolutions,Retail,Idea,17878,14482,0.053,3275
TechWorks,SaaS,Early,18430,15272,0.192,2943
NextSync,Retail,Growth,77115,51558,0.083,8502
NovaSync,Services,Early,15411,12525,0.068,2370
XLink,Services,Growth,25901,16854,0.096,2695
DataSolutions,SaaS,Growth,92454,56534,0.151,8835
NextFlow,SaaS,Early,8338,6833,0.279,1442
TechSync,SaaS,Growth,72821,45207,0.274,8733
TechSync,Others,Growth,23331,16256,0.193,1690
CloudPro,Others,Early,86677,73497,0.08,16962
CloudEdge,Retail,Scale,90077,61278,0.088,9980
CloudWorks,Services,Growth,29611,18660,0.065,2173
XNest,Services,Growth,31036,17605,0.038,1595
ServiceSync,SaaS,Growth,65471,37950,0.199,6332
NextNova,Others,Early,39985,34164,0.012,6188
CoreSync,Retail,Scale,54001,34836,0.021,5408
TechEdge,Retail,Growth,76508,48639,0.069,8974
NextLogic,Retail,Growth,66450,44970,0.141,7317
XSolutions,SaaS,Scale,81212,46077,0.214,8956
CoreX,SaaS,Early,40220,32468,0.27,6461
SmartLink,Services,Growth,47079,27352,0.056,5556
ProHub,SaaS,Early,40032,32545,0.211,7899
EdgeNova,Services,Early,21203,17500,0.09,3776
TechLabs,SaaS,Early,23727,20967,0.299,3586
DataFlow,Retail,Scale,67790,44330,0.078,4992
NextSync,SaaS,Scale,87696,57651,0.111,6652
TechPrime,Retail,Growth,96728,61089,0.144,11141
XPrime,Services,Growth,70044,43605,0.063,6187
DataFlow,SaaS,Growth,96732,56637,0.154,7438
NovaEdge,Retail,Scale,65150,34512,0.074,5503
PrimeLabs,Retail,Early,41948,36868,0.059,7141
NextSolutions,Services,Early,24024,19922,0.089,4531
ServiceNest,Others,Early,86481,75657,0.193,14957
PrimeSync,Services,Growth,56952,31353,0.085,5654
LogicFlow,SaaS,Growth,93314,57345,0.2,10254
CoreLink,SaaS,Early,42936,37056,0.19,6845
XLabs,SaaS,Idea,38036,31315,0.215,7268
ProPulse,Retail,Growth,77757,49201,0.026,7810
PulseSolutions,SaaS,Idea,42340,37658,0.284,6468
CloudSync,Retail,Growth,87029,56276,0.023,10147
RetailFlow,Retail,Scale,59399,31459,0.114,3005
NextFlow,SaaS,Early,21157,17399,0.287,3690
CoreEdge,Services,Early,5130,4466,0.07,871
RetailX,SaaS,Growth,61528,39082,0.241,5183
ProHub,SaaS,Growth,62076,36221,0.246,5371
PrimeX,Services,Growth,33824,19918,0.095,1804
XNova,Retail,Scale,57953,40539,0.134,6185
CoreLink,Services,Idea,35927,28784,0.1,5894
DataFlow,Retail,Growth,71159,38085,0.12,5115
ServiceNova,SaaS,Growth,75745,50607,0.27,7878
EdgeLogic,Services,Scale,49166,27891,0.029,3536
DataLabs,Services,Early,36622,32550,0.086,6359
SmartNova,Services,Growth,23983,14142,0.039,2449
EdgeNest,SaaS,Growth,80554,47334,0.272,7218
RetailLogic,Retail,Early,44080,38480,0.059,8113
DataSync,Retail,Early,59711,53081,0.072,11647
ProSync,SaaS,Scale,90794,54269,0.221,6609
DataNest,Others,Early,68650,60672,0.178,13462
CloudSolutions,SaaS,Early,23257,20055,0.111,3516
CorePro,Others,Early,52672,47270,0.019,8838
TechLogic,Retail,Scale,65588,34955,0.106,5642
RetailNova,SaaS,Growth,70067,41809,0.237,7324
DataPulse,Retail,Growth,61441,32532,0.02,6566
PulseWorks,Others,Early,68264,59754,0.146,12524
PulsePrime,Services,Growth,29340,15588,0.086,2958
CloudPrime,Services,Growth,76830,50368,0.055,5764
XPrime,Services,Growth,48760,24687,0.075,5291
LogicEdge,Services,Scale,30532,17356,0.079,2726
XFlow,Services,Idea,39485,35435,0.099,6935
CoreSolutions,SaaS,Growth,69977,45475,0.293,3859
TechX,Retail,Idea,10607,9480,0.084,1917
XLink,SaaS,Growth,57399,37190,0.2,3964
NovaSync,Others,Early,51624,44239,0.15,8109
NextFlow,Others,Early,87158,70832,0.098,16755
SmartPrime,SaaS,Early,42679,35611,0.155,8529
PulseEdge,Services,Growth,71684,36323,0.06,7071
LogicPrime,Others,Early,45518,36556,0.115,8562
SmartWorks,SaaS,Growth,94754,47677,0.118,6905
SmartLogic,Retail,Early,38270,31523,0.073,5879
DataNova,Others,Idea,78078,64206,0.185,13374
SmartEdge,SaaS,Growth,70300,35919,0.181,4388
LogicLink,Services,Early,10095,8831,0.091,1585
PrimePro,SaaS,Early,47127,39688,0.242,8159
XLabs,Others,Growth,34979,21179,0.037,1751
LogicX,Others,Early,88897,74154,0.176,15841
CoreLabs,Others,Idea,14882,12987,0.12,2353
PulseLink,Retail,Early,19123,15612,0.113,3156
ServiceSolutions,Others,Scale,52999,30500,0.095,2822
ProLogic,Services,Growth,21212,11890,0.07,1296
PrimeHub,SaaS,Growth,81368,53953,0.278,7027
XLogic,Services,Growth,54108,34301,0.097,4988
NextWorks,SaaS,Early,34359,29596,0.118,5826
XHub,Retail,Early,21571,19126,0.148,3805
EdgeLabs,SaaS,Growth,65926,44044,0.23,4860
PulseEdge,SaaS,Early,34205,29788,0.15,5686
ProLabs,SaaS,Early,9953,8191,0.25,1807
SmartLink,Services,Early,25202,21264,0.094,4577
RetailLabs,SaaS,Early,36096,31181,0.157,5944
NextFlow,Services,Scale,25782,14654,0.093,1333
ProX,SaaS,Idea,18152,15233,0.153,3589
ServicePro,SaaS,Growth,69689,43936,0.245,3488
NextSolutions,Retail,Early,46029,40762,0.105,7334
LogicPro,Services,Scale,69632,35343,0.021,8289
RetailSolutions,SaaS,Early,3892,3238,0.176,777
DataPulse,Services,Early,2797,2379,0.086,453
RetailPro,Others,Growth,95950,49060,0.03,7696
TechLogic,Services,Growth,48702,29377,0.033,5642
EdgePro,SaaS,Early,43218,37024,0.171,7306
ServicePulse,SaaS,Early,10894,9494,0.211,2100
ServiceWorks,Others,Early,76851,68736,0.074,13682
PrimePro,SaaS,Early,41984,35288,0.125,8006
ServiceNest,Others,Early,18573,15839,0.136,2979
XLink,Retail,Early,57309,49812,0.064,11087
NovaSolutions,Others,Early,90405,74463,0.149,14156
PrimePrime,Services,Early,6023,5313,0.065,1154
CoreLink,Others,Growth,99694,68047,0.032,9491
TechPulse,Retail,Scale,76502,50342,0.051,6479
ServiceLink,Services,Growth,49377,30327,0.047,4755
SmartPulse,Retail,Idea,32114,26323,0.018,5135
CoreFlow,Retail,Idea,47679,41134,0.054,9472
ServiceSync,Services,Scale,48873,28640,0.099,3462
SmartNova,Others,Early,15961,14108,0.016,3144
PrimeX,Others,Idea,65514,56413,0.176,9878
TechSolutions,Services,Growth,38799,22403,0.068,2062
NovaPro,Retail,Growth,54261,35234,0.023,4660
SmartPulse,Retail,Growth,54578,28431,0.125,3531
NextLabs,Services,Early,25697,21371,0.046,4048
NextPulse,SaaS,Idea,30430,24573,0.242,5299
NovaSync,SaaS,Scale,69814,44766,0.198,4750
NovaPro,Retail,Early,41659,35027,0.055,7877
LogicLogic,SaaS,Growth,85798,56680,0.109,10248
PrimeFlow,SaaS,Growth,97703,54563,0.262,5484
ServiceSync,SaaS,Growth,98591,66660,0.183,8639
CoreSolutions,SaaS,Early,34414,27539,0.149,6333
RetailLink,SaaS,Early,15166,12850,0.229,2357
CloudLabs,Others,Growth,23923,16612,0.017,1725
XPrime,Retail,Scale,82848,45743,0.129,9150
CoreLabs,Retail,Scale,52670,27336,0.023,5318
ProPrime,Services,Early,36262,31173,0.04,5915
XPrime,SaaS,Early,9630,7813,0.17,1925
ProPulse,Others,Scale,78518,46724,0.079,7449
EdgeX,Services,Growth,24008,12791,0.044,1437
PrimeSync,SaaS,Scale,70637,49331,0.258,6813
EdgeFlow,Retail,Early,55945,50072,0.019,10079
SmartSync,Others,Growth,17375,11414,0.167,1980
NextPrime,Others,Growth,70726,47126,0.039,3727
LogicPro,Retail,Growth,73238,45209,0.047,8696
NovaWorks,Services,Early,28411,22817,0.035,4308
TechLink,SaaS,Idea,7553,6749,0.147,1165
DataPulse,Others,Growth,72325,36436,0.017,8248
XPulse,SaaS,Early,19296,16229,0.104,3155
PulseNova,Others,Early,35229,28889,0.05,6497
DataLogic,Services,Scale,69159,38864,0.053,5022
PulsePrime,Services,Early,24588,21618,0.085,4493
CoreNova,Retail,Growth,57637,39346,0.095,5141
CloudNova,SaaS,Early,4970,4080,0.191,971
CloudSync,SaaS,Growth,64547,41768,0.161,4788
SmartPro,SaaS,Scale,96233,50079,0.181,5232
DataEdge,SaaS,Early,13563,11199,0.239,2061
CoreLink,Services,Idea,31176,27038,0.086,5298
SmartNova,Retail,Early,10355,8985,0.118,1798
ProPro,SaaS,Idea,24070,19911,0.245,3859
RetailLogic,Others,Growth,28414,18991,0.162,2237
NextEdge,Others,Scale,54555,35408,0.051,2769
DataEdge,Others,Early,31844,27145,0.163,5339
NextLogic,Others,Early,11482,9468,0.031,2178
NextHub,SaaS,Early,1493,1310,0.154,285
CloudNest,Retail,Growth,52970,36793,0.147,3643
NovaX,Services,Idea,37953,33732,0.019,7105
EdgeX,Services,Growth,48900,31370,0.013,5424
ServiceNest,SaaS,Growth,97994,57602,0.123,9742
NextLogic,Services,Growth,30046,19188,0.082,2339
LogicSync,SaaS,Early,39725,32508,0.229,6610
XLabs,SaaS,Growth,86163,47512,0.29,5332
TechLabs,Retail,Idea,8044,6558,0.011,1302
XNest,Retail,Early,48535,41008,0.09,8337
PulseNest,Retail,Scale,76401,49133,0.02,5591
RetailLink,SaaS,Growth,70437,43039,0.246,6149
NextNest,Others,Idea,18500,16560,0.079,3494
ServiceSolutions,SaaS,Early,6745,5467,0.237,1235
ProWorks,SaaS,Early,13150,11480,0.11,2554
CloudLogic,Others,Early,19325,16180,0.054,3441
NextHub,Others,Early,73010,60746,0.184,12445
DataHub,Others,Idea,17059,14399,0.121,3255
LogicEdge,Services,Early,35099,29444,0.014,6671
XLabs,Services,Growth,65510,45363,0.049,4181
XPulse,Retail,Growth,95913,62735,0.08,6845
XSync,SaaS,Growth,62714,31584,0.197,4589
CloudLabs,Retail,Idea,37833,33032,0.044,6000
ProPro,Retail,Scale,62696,41303,0.149,6115
SmartLogic,SaaS,Growth,96118,60649,0.157,4808
NextLogic,Services,Growth,77772,42966,0.085,4065
RetailSync,Retail,Growth,96433,63229,0.095,11376
PrimeSolutions,SaaS,Scale,90644,59655,0.127,6503
CoreSync,SaaS,Growth,64588,44744,0.208,4531
PulseLogic,Services,Early,7097,5972,0.046,1077
RetailLabs,SaaS,Growth,89229,61585,0.104,6359
NovaSolutions,Others,Growth,80287,52688,0.08,5372
ServiceEdge,Retail,Growth,72449,48161,0.024,8405
CloudPulse,Retail,Growth,79362,42558,0.11,6107
EdgeHub,Retail,Idea,56370,48917,0.09,9809
SmartSync,Services,Early,29742,25941,0.094,4597
LogicLink,SaaS,Scale,58245,29731,0.237,4691
NextFlow,Services,Growth,20442,12753,0.069,1307
EdgeWorks,Retail,Growth,57058,31935,0.099,4004
NovaSolutions,SaaS,Early,2031,1665,0.127,310
DataSolutions,Others,Early,47766,38245,0.039,7330
EdgeHub,Services,Scale,79252,45022,0.099,6867
ServiceNova,Services,Growth,28720,19737,0.057,2169
RetailSync,Others,Growth,39203,20661,0.142,2290
RetailPrime,Others,Early,92865,77800,0.07,17075
XHub,Services,Growth,26044,16611,0.061,2548
EdgeHub,Services,Early,19274,16204,0.094,3255
SmartLink,Services,Growth,69892,45724,0.049,8127
ProNova,Services,Early,39921,35430,0.083,7946
DataHub,Services,Early,17439,13979,0.06,2947
NovaHub,Services,Growth,37107,19341,0.072,4397
EdgeSync,SaaS,Scale,99044,64050,0.274,6287
ServiceNest,Others,Idea,34038,28421,0.115,5718
PrimeFlow,Others,Growth,39138,25529,0.09,1969
PrimeSync,SaaS,Early,46204,39397,0.165,7187
PrimePrime,Services,Early,4911,4198,0.073,931
ProFlow,SaaS,Idea,18493,15077,0.242,3400
CoreHub,SaaS,Early,26921,22645,0.167,4939
TechSync,Services,Growth,64324,40753,0.014,4976
PulseNest,SaaS,Idea,9150,8163,0.296,1377
SmartEdge,Services,Early,29801,24149,0.026,4664
SmartSync,Services,Scale,32807,21610,0.018,2062
NextLogic,Retail,Early,53697,47798,0.015,8913
LogicFlow,SaaS,Growth,87449,55217,0.173,8116
TechLink,SaaS,Early,8494,6848,0.263,1484
NextEdge,Services,Growth,29244,18067,0.057,2982
EdgePulse,Others,Early,2746,2206,0.037,495
DataSync,Services,Early,25457,21220,0.098,4930
NovaNova,SaaS,Early,8910,7850,0.259,1393
CoreEdge,Services,Idea,32505,26246,0.056,6451
ProFlow,Retail,Early,16825,14780,0.023,2962
RetailLink,Services,Growth,38171,25509,0.066,3630
PulseWorks,SaaS,Scale,58065,31445,0.104,4852
PrimeSync,Services,Growth,26333,16899,0.029,1391
NovaNest,Retail,Growth,94843,61918,0.149,9777
TechLink,Others,Early,98906,84155,0.101,16174
NextLabs,SaaS,Early,48756,43199,0.289,9580
LogicSync,Services,Early,30546,27085,0.077,5892
SmartNest,Others,Early,79170,64170,0.045,13226
DataSolutions,SaaS,Growth,77144,45380,0.113,8314
TechEdge,Others,Growth,22143,15071,0.174,1827
NextNest,Services,Early,25949,21088,0.061,4409
NovaLabs,SaaS,Early,18667,16690,0.197,3232
PulseSync,SaaS,Growth,80776,49690,0.133,4745
NovaSync,Services,Growth,38895,23086,0.097,3995
SmartLabs,SaaS,Early,24086,21030,0.274,3731
TechX,Retail,Scale,79492,52942,0.017,8718
XFlow,SaaS,Scale,50255,32792,0.267,3737
EdgePulse,Services,Early,10744,9166,0.015,1697
ServicePrime,SaaS,Early,43687,38634,0.172,6576
NovaEdge,Others,Growth,62860,37931,0.155,5111
LogicSync,Others,Scale,38211,25700,0.095,2079
PulseLogic,Others,Scale,65732,38611,0.085,6708
XSync,Services,Early,14386,12183,0.036,2357
NextSolutions,SaaS,Early,12159,10427,0.185,2137
PulseFlow,Services,Growth,53836,33240,0.016,5818
NextPulse,SaaS,Growth,51950,31082,0.295,3809
NextX,SaaS,Early,18771,15186,0.221,2900
RetailSolutions,SaaS,Scale,79714,51754,0.135,4346
XPulse,Retail,Growth,90611,55993,0.073,9975
CorePrime,Services,Growth,31966,18329,0.039,3500
EdgeSolutions,Services,Scale,38812,23585,0.051,2509
RetailSync,Retail,Growth,96628,52981,0.081,7401
PulseHub,SaaS,Early,22699,20385,0.17,3918
DataNest,Others,Growth,5923,4093,0.179,428
TechFlow,Retail,Early,14066,12323,0.031,2512
PrimePro,Retail,Growth,96733,60563,0.137,7674
DataX,SaaS,Early,30881,25660,0.123,6154
LogicPrime,Services,Growth,55999,37760,0.013,5594
ProFlow,Services,Early,39812,32105,0.088,7886
NovaNest,SaaS,Early,12244,10346,0.104,2229
EdgeFlow,SaaS,Early,4822,3892,0.249,736
CoreLogic,Services,Idea,16683,14041,0.026,3077
EdgeFlow,Services,Growth,57805,40290,0.038,3869
PrimeFlow,SaaS,Growth,82849,52585,0.123,8172
PrimeNest,Others,Growth,82462,56371,0.183,8389
XEdge,SaaS,Early,41761,35004,0.291,6953
PrimePulse,Retail,Idea,58462,50778,0.116,10326
ServicePulse,Others,Idea,52444,43280,0.093,9231
EdgeX,Retail,Early,44759,40122,0.023,6764
ServiceNova,Services,Scale,59695,35144,0.025,6634
CoreLabs,Retail,Early,8676,7528,0.083,1641
ServiceWorks,SaaS,Early,36814,32971,0.101,5978
EdgePulse,Others,Early,82943,74086,0.147,15617
ServicePrime,Retail,Early,32974,28899,0.013,6486
LogicX,Others,Growth,3419,2256,0.181,396
XX,SaaS,Growth,95210,53081,0.167,7603
ServiceLogic,SaaS,Early,32110,25760,0.274,5706
NextNest,SaaS,Idea,18502,15321,0.294,2917
LogicNest,Services,Early,26762,23516,0.02,4496
XFlow,Retail,Early,36127,29942,0.036,6596
CloudFlow,Others,Early,69535,61588,0.019,10947
PulseLabs,Retail,Scale,56200,33533,0.047,4212
LogicLabs,Others,Growth,97434,58249,0.161,9382
XLink,SaaS,Growth,67862,41225,0.105,5503
DataPulse,Others,Early,63979,53689,0.128,12695
ServicePrime,Services,Early,8050,6888,0.081,1425
TechEdge,Services,Growth,73678,39442,0.036,8614
ProSolutions,Services,Growth,55361,37403,0.063,5381
DataFlow,Services,Growth,23869,16037,0.064,1754
NovaHub,Services,Early,27651,24340,0.086,4307
SmartNest,SaaS,Growth,53823,36757,0.118,5133
NextPro,SaaS,Early,8444,6896,0.299,1504
DataFlow,Others,Scale,73254,40849,0.059,7068
NextNova,Services,Growth,20051,13624,0.069,2240
PulseHub,Services,Growth,43402,24242,0.017,3652
NextFlow,Retail,Early,32268,27261,0.048,5475
CloudPulse,SaaS,Growth,84293,45092,0.14,5871
XSolutions,SaaS,Early,13529,10918,0.236,2146
PrimePro,Services,Early,37268,30910,0.029,5886
NextX,Retail,Early,28880,23410,0.013,5494
ServiceEdge,SaaS,Growth,55430,37399,0.253,4762
DataX,Retail,Early,10806,8979,0.03,2019
NovaSync,SaaS,Early,33599,29927,0.248,5952
RetailSync,Retail,Scale,75792,43168,0.083,7267
EdgePro,SaaS,Early,17052,14859,0.272,2690
LogicLink,Services,Growth,58379,34884,0.067,3244
RetailFlow,SaaS,Early,5791,5004,0.275,990
PrimeLink,Retail,Idea,26300,22154,0.09,5132
CorePulse,SaaS,Growth,55703,38782,0.252,4780
LogicLink,SaaS,Idea,24804,22314,0.136,4344
TechLabs,Retail,Early,7611,6724,0.122,1273
PulsePulse,Retail,Growth,64610,38343,0.044,7276
PulseX,Services,Growth,47301,27522,0.036,5044
ProNova,SaaS,Growth,93714,64607,0.201,10505
LogicPulse,Services,Early,26665,23538,0.048,4367
PulsePrime,Others,Idea,88052,75315,0.104,14555
NovaLabs,Services,Growth,46415,24054,0.075,3015
SmartLogic,SaaS,Growth,86234,56362,0.292,7327
CloudLabs,Retail,Growth,81969,47074,0.073,7181
XPulse,SaaS,Growth,93481,49652,0.276,7512
NextEdge,SaaS,Growth,68706,34842,0.2,6101
LogicHub,Others,Early,13809,11065,0.043,2523
ServiceEdge,SaaS,Early,25785,22718,0.289,4043
PulseLink,Retail,Growth,67718,36760,0.018,4929
SmartLabs,Services,Early,34274,29852,0.058,5388
CoreNova,Services,Early,26908,24183,0.089,4567
CoreSync,Retail,Scale,71809,44313,0.054,4027
CoreLogic,SaaS,Scale,66484,41303,0.205,3438
XX,SaaS,Early,34120,28196,0.102,6003
RetailWorks,Retail,Idea,8536,7150,0.019,1670
TechPro,SaaS,Early,30410,25725,0.17,5516
NovaX,Retail,Growth,96008,60449,0.115,10889
LogicEdge,SaaS,Scale,75279,45216,0.114,7577
SmartWorks,SaaS,Early,4809,4091,0.243,922
DataX,Retail,Idea,26353,23313,0.019,3995
PulsePro,SaaS,Scale,56107,37966,0.199,4036
SmartPulse,Retail,Early,22300,19403,0.112,4396
RetailSync,Services,Growth,51403,33149,0.046,3343
CoreHub,Services,Scale,68791,43439,0.048,4176
PrimeSolutions,SaaS,Idea,28209,23278,0.191,4776
NextLabs,SaaS,Growth,77718,46330,0.19,4543
LogicNest,SaaS,Idea,42684,35375,0.132,7005
PulseNova,Services,Early,27102,21828,0.056,4749
RetailSolutions,Services,Growth,76627,49971,0.053,8828
DataSolutions,SaaS,Early,44858,38621,0.139,7293
RetailFlow,Others,Scale,81205,54117,0.079,5273
PulseFlow,SaaS,Growth,94645,53523,0.142,7991
CoreSolutions,Retail,Early,17846,14479,0.123,2903
SmartSync,Services,Early,15546,13687,0.081,2431
XNova,Others,Early,53104,43387,0.058,8665
NextLogic,Services,Early,35333,28397,0.058,6545
ServiceX,Services,Idea,33887,30409,0.031,6393
XNest,SaaS,Early,49043,40957,0.262,8140
PulseFlow,Services,Early,31714,26806,0.011,4943
RetailX,SaaS,Growth,70446,36460,0.234,7940
RetailHub,Others,Growth,80120,48220,0.129,6005
NovaLogic,Retail,Growth,56163,32614,0.029,4800
NextEdge,Services,Idea,19920,16250,0.079,3479
EdgeLink,Retail,Early,25229,21396,0.149,4651
NextLogic,Services,Growth,30327,16874,0.03,2624
NextSolutions,Retail,Early,42921,34864,0.038,7301
DataHub,Services,Idea,28189,23527,0.069,5228
TechNest,SaaS,Growth,53060,34589,0.163,4360
LogicPrime,SaaS,Growth,99116,61993,0.16,11672
ServiceLabs,SaaS,Growth,74278,50190,0.16,7095
LogicLink,SaaS,Idea,48148,41091,0.268,8627
RetailHub,Others,Growth,12698,7392,0.147,1090
NovaFlow,SaaS,Growth,82126,52013,0.162,5787
LogicX,Others,Growth,2949,1937,0.077,209
DataNova,SaaS,Growth,94387,51760,0.275,4845
XLogic,SaaS,Growth,59617,32019,0.202,7122
LogicLabs,Services,Growth,64063,32607,0.093,5312
RetailLogic,Services,Early,23686,19290,0.093,4075
LogicNest,Retail,Growth,78039,42364,0.019,7039
DataLogic,Retail,Growth,71224,42082,0.043,7727
NovaX,Services,Growth,56725,37713,0.075,6143
DataWorks,SaaS,Early,34607,29643,0.23,5797
XNova,Others,Early,64394,56128,0.053,9976
LogicHub,Others,Scale,94433,49341,0.028,6923
RetailSync,Services,Growth,22654,12095,0.084,2613
SmartSync,SaaS,Scale,80552,40827,0.164,8597
ServiceLink,Services,Growth,38361,19236,0.015,3070
PrimePro,SaaS,Growth,65619,34117,0.154,7102
NovaWorks,SaaS,Growth,58798,39380,0.16,5404
PrimeWorks,SaaS,Scale,71182,40176,0.216,3933
ServicePrime,Retail,Growth,58120,30898,0.057,2989
XPulse,Others,Growth,10649,6617,0.129,1008
TechLogic,Services,Early,10744,8754,0.049,1717
PrimeHub,Services,Early,12679,11249,0.029,1955
CloudNest,Retail,Growth,84364,56173,0.072,7589
CloudX,SaaS,Early,8919,7904,0.268,1629
CorePulse,Retail,Early,10624,8667,0.093,1909
PrimeNova,Others,Early,2669,2361,0.078,415
TechSync,SaaS,Early,41076,33795,0.134,7533
CloudLogic,Others,Early,40807,33248,0.161,6249
DataPulse,Retail,Early,13711,11503,0.054,2374
CoreHub,Retail,Scale,74251,38827,0.054,7923
PrimePulse,Services,Growth,78806,42794,0.084,9385
LogicX,Retail,Early,52609,45123,0.048,10059
DataLink,Others,Idea,61695,54056,0.157,11954
LogicX,Others,Growth,94409,59381,0.172,8746
NextX,Retail,Early,40670,35728,0.037,7399
LogicHub,SaaS,Growth,92602,46517,0.211,8918
PrimeX,Retail,Growth,96036,58229,0.036,7663
XNova,Others,Growth,89406,46785,0.123,6191
NextPrime,SaaS,Early,41861,34599,0.134,7731
NovaLink,Services,Growth,75547,48659,0.068,5537
DataNova,Services,Early,23354,20457,0.08,4035
ProSolutions,Services,Scale,68926,34620,0.073,5261
NovaHub,SaaS,Growth,53679,35621,0.218,3632
NextHub,Services,Early,7695,6418,0.053,1268
XX,Others,Early,28467,25483,0.16,4802
DataLogic,SaaS,Early,32923,29407,0.283,5803
ServiceLogic,SaaS,Growth,97164,61985,0.27,8661
LogicWorks,Others,Early,50648,42556,0.041,7897
PulsePrime,SaaS,Growth,88501,60667,0.192,8510
RetailFlow,Others,Early,38132,30849,0.156,6896
ServiceHub,Retail,Growth,68781,34925,0.102,4751
ServicePulse,SaaS,Growth,90498,47292,0.207,5166
ProLink,Others,Growth,67266,38772,0.117,3903
RetailPro,Retail,Growth,58303,34114,0.059,5814
ProHub,Retail,Early,38525,32979,0.013,6781
PrimeSolutions,Retail,Idea,15033,12188,0.128,2808
PulseEdge,Retail,Growth,54617,38064,0.029,4374
NovaPulse,SaaS,Early,47353,39099,0.191,7174
XPulse,Retail,Early,51105,43528,0.071,10200
XLabs,Others,Idea,44271,39043,0.114,6731
XHub,SaaS,Early,26037,23426,0.159,4371
NextPulse,Services,Idea,35637,31044,0.037,6381
PrimeNest,SaaS,Scale,51934,34823,0.255,4024
CloudLink,Services,Early,8159,6672,0.084,1336
EdgeSync,SaaS,Growth,83387,42202,0.126,9344
LogicLogic,Others,Idea,6594,5614,0.03,1207
SmartNest,Retail,Growth,69095,44784,0.12,7146
PrimeFlow,SaaS,Early,6374,5694,0.241,1194
SmartWorks,SaaS,Scale,62204,35217,0.251,4544
EdgePulse,SaaS,Scale,61652,38533,0.271,6546
PrimeLabs,Retail,Early,38522,33176,0.071,5915
ServiceSolutions,SaaS,Scale,81541,50578,0.275,4761
XFlow,Services,Scale,58515,32639,0.018,6762
ServiceLabs,Retail,Growth,81171,53111,0.083,4957
ServicePro,SaaS,Growth,96246,61909,0.127,6775
ServiceNest,Services,Early,7445,6122,0.075,1468
NextPrime,Services,Growth,25212,16654,0.032,1334
CloudPro,SaaS,Idea,13186,11176,0.221,2628
NextNova,SaaS,Idea,23151,19796,0.15,3933
NovaLabs,SaaS,Scale,67776,45820,0.292,7625
RetailPro,Services,Early,5338,4492,0.064,990
DataSync,Services,Growth,31280,18988,0.072,3051
RetailLink,Retail,Growth,73177,47954,0.087,7045
TechFlow,Services,Scale,62225,40985,0.042,7200
TechPrime,Services,Scale,55017,29691,0.097,4721
CloudPro,Retail,Early,18463,15939,0.069,3239
CloudLabs,Others,Idea,59596,50115,0.113,10559
LogicFlow,SaaS,Early,31955,27591,0.264,5817
PrimeLogic,SaaS,Early,17363,14109,0.287,3130
CloudPulse,SaaS,Idea,23320,19216,0.211,3624
RetailWorks,SaaS,Early,29109,25526,0.174,5764
RetailWorks,Retail,Growth,99244,55120,0.085,7383
NextSync,Others,Growth,75092,41836,0.061,8251
LogicHub,SaaS,Early,40451,35478,0.224,7284
CoreFlow,SaaS,Growth,59945,37050,0.287,3033
EdgeFlow,Retail,Early,44426,37448,0.067,6917
LogicSync,Others,Idea,34719,30213,0.147,6472
NextHub,SaaS,Growth,80276,45128,0.297,8688
CloudNova,Retail,Growth,99923,50274,0.141,10660
RetailNest,SaaS,Growth,94698,63039,0.208,5749
RetailNova,SaaS,Idea,5781,4955,0.289,995
NextPulse,Others,Growth,86389,58316,0.107,6765
XPulse,Others,Growth,45653,27402,0.141,4813
XLink,SaaS,Growth,96539,52934,0.211,10207
LogicHub,Others,Growth,61287,35576,0.014,4478
LogicNova,Services,Scale,32823,19375,0.032,3456
NovaX,Others,Growth,58771,30479,0.122,5128
EdgePulse,Retail,Growth,71303,47384,0.073,6068
SmartWorks,Retail,Scale,52058,35298,0.064,5288
PulseFlow,Retail,Growth,72889,37881,0.116,4785
XWorks,Services,Early,39570,34562,0.043,5973
NextPulse,SaaS,Growth,73434,41691,0.125,5802
TechFlow,SaaS,Early,34649,30129,0.24,6417
EdgeNova,SaaS,Early,49621,44237,0.198,8560
TechSolutions,Services,Growth,60724,36852,0.085,4744
RetailLabs,SaaS,Scale,95334,52406,0.161,9911
TechFlow,Services,Scale,70290,45793,0.042,8383
DataSync,Others,Early,29133,24049,0.157,5003
DataX,SaaS,Growth,75551,49340,0.257,6774
SmartFlow,Services,Early,35092,28586,0.036,5807
RetailHub,Retail,Scale,64404,41971,0.041,3566
RetailX,Others,Scale,1567,889,0.065,138
RetailFlow,SaaS,Growth,68030,47576,0.279,5846
NextLabs,Services,Growth,36740,23672,0.018,4014
CoreFlow,Services,Growth,24131,15172,0.065,1996
LogicLabs,Others,Growth,90342,49173,0.107,7988
EdgeNova,Services,Idea,23326,20220,0.067,3520
NovaSolutions,Retail,Early,41930,37500,0.024,6845
CorePulse,Services,Growth,77492,51866,0.055,7932
NovaLink,Others,Growth,58439,38168,0.104,6525
XFlow,Retail,Early,48270,40312,0.047,8085
PrimePro,SaaS,Scale,97498,59571,0.281,8985
PrimeEdge,Others,Early,29906,26332,0.08,5456
LogicEdge,Services,Growth,28730,15801,0.065,2440
LogicX,Services,Growth,37412,21914,0.026,4338
ProLabs,SaaS,Growth,59797,39987,0.136,6776
DataWorks,Services,Growth,46926,30650,0.05,4700
ServiceEdge,Retail,Early,21568,18050,0.111,3423
NovaX,Services,Early,27669,22995,0.051,5083
ServiceEdge,SaaS,Growth,60204,40749,0.194,4624
RetailLabs,Services,Growth,54986,34138,0.089,3999
TechPulse,Others,Early,99447,83601,0.117,16053
CloudLabs,SaaS,Growth,78214,42261,0.116,8226
ServiceEdge,Others,Early,28579,24538,0.044,5337
NovaPulse,Retail,Growth,78457,47389,0.126,6225
CloudNest,Others,Growth,76287,42490,0.106,6652
NextWorks,Services,Early,37725,31105,0.065,6495
PrimeFlow,Retail,Idea,29102,23840,0.017,5637
TechPrime,Services,Growth,55335,33124,0.061,5300
ProSolutions,Others,Growth,68546,46287,0.067,3484
PulseNest,Retail,Growth,97606,62762,0.096,5202
DataWorks,SaaS,Growth,74070,50553,0.153,6100
NextFlow,Services,Growth,66022,33942,0.062,6627
ServicePro,Services,Scale,28888,18644,0.044,1461
DataPulse,Services,Growth,44474,27037,0.022,3863
NextLink,Services,Early,2722,2365,0.036,485
XPrime,Retail,Early,7128,5925,0.012,1103
EdgeLogic,Services,Early,34624,29551,0.028,6074
DataPro,SaaS,Growth,83077,52687,0.251,4796
TechFlow,Retail,Early,51639,41677,0.094,8429
XSolutions,SaaS,Scale,75957,50650,0.102,4931
TechNest,SaaS,Growth,64817,39966,0.18,7547
ProPro,Retail,Growth,92964,65049,0.097,8284
SmartPrime,Retail,Early,18587,16410,0.125,2964
SmartSync,Services,Idea,8840,7329,0.037,1457
PrimeLogic,Retail,Idea,53979,44424,0.01,10027
EdgeLabs,Retail,Early,55029,46146,0.11,8446
ProEdge,SaaS,Idea,44020,35412,0.294,8179
NextLogic,Retail,Growth,78173,44069,0.073,7336
PulseEdge,SaaS,Scale,96229,56543,0.171,5300
NextFlow,SaaS,Scale,57433,33084,0.274,5538
TechWorks,Services,Growth,48190,24826,0.07,3922
XNest,Services,Early,34899,29619,0.083,6901
CloudWorks,Services,Scale,51346,33083,0.035,5570
NextNest,Retail,Scale,99167,58807,0.107,11095
TechPulse,Retail,Early,8574,7130,0.093,1563
SmartEdge,Others,Growth,12826,6613,0.081,1260
DataPulse,Retail,Early,28490,23622,0.096,5419
NovaEdge,Retail,Growth,67570,35222,0.022,3391
PrimeLink,SaaS,Scale,93023,55875,0.228,6579
ProWorks,SaaS,Idea,26838,22406,0.136,4894
LogicFlow,Retail,Scale,86292,53223,0.039,4762
CorePrime,Retail,Growth,63429,34439,0.082,6439
PulseSolutions,Retail,Scale,73279,51008,0.086,8537
TechNova,Retail,Early,13078,10578,0.095,2150
CloudEdge,Services,Growth,20868,10691,0.096,1251
SmartNest,Services,Idea,22561,19624,0.066,3597
XLink,Services,Early,25580,22307,0.058,4343
TechPrime,Services,Idea,6876,5921,0.095,1262
XHub,Others,Scale,36892,21127,0.098,4373
NextLabs,SaaS,Growth,50824,35059,0.116,5862
CoreNova,SaaS,Scale,66876,36479,0.145,3442
SmartNest,SaaS,Scale,71066,44548,0.255,3721
ServiceHub,Services,Idea,6674,5385,0.029,1098
NextSolutions,Others,Early,61635,52199,0.073,9576
EdgeHub,SaaS,Idea,45406,36477,0.194,8978
CloudLogic,Others,Early,59414,51714,0.074,9833
PulseX,SaaS,Early,10597,9161,0.265,1646
PulsePro,Others,Early,12881,11203,0.121,2469
EdgeX,Retail,Early,31119,26707,0.045,5697
TechLink,SaaS,Early,23106,19271,0.224,4495
CloudWorks,Retail,Early,30255,25685,0.054,5857
ServicePrime,SaaS,Early,39976,32186,0.176,6670
ServiceEdge,SaaS,Scale,97249,51692,0.15,5929
TechPrime,SaaS,Growth,51620,29995,0.167,2632
XHub,Services,Scale,44524,30666,0.082,2789
EdgeLink,Retail,Early,59261,50105,0.117,10844
ProSolutions,SaaS,Early,40489,32909,0.248,6877
LogicNest,Services,Growth,20236,10738,0.092,1103
EdgeFlow,Services,Early,37191,30450,0.092,6546
PrimePulse,SaaS,Early,33535,27401,0.109,6126
PrimeNest,Retail,Early,49420,43627,0.013,8016
LogicFlow,SaaS,Early,7822,6834,0.24,1270
SmartLabs,SaaS,Early,48899,41317,0.294,9414
DataLink,Services,Early,10253,8500,0.025,2010
RetailLogic,SaaS,Growth,94411,55554,0.114,7296
LogicSolutions,Retail,Idea,50580,42422,0.089,9618
EdgeLink,Services,Early,38527,34182,0.014,6522
NextPulse,SaaS,Growth,80482,53818,0.238,5685
NovaHub,Retail,Early,33204,27513,0.038,6535
PrimePrime,SaaS,Early,2740,2357,0.261,519
XNova,Others,Scale,52543,31537,0.071,3113
EdgeX,Retail,Early,22601,19600,0.12,3990
ServiceNest,Services,Idea,27350,22750,0.058,4802
EdgeWorks,Retail,Early,48083,39665,0.041,8461
XLink,SaaS,Early,25281,21169,0.28,4952
EdgePro,Services,Growth,78818,52292,0.06,5348
NextHub,Others,Growth,33250,19013,0.124,1937
NovaPulse,Services,Early,4473,3600,0.03,829
EdgeNest,Services,Growth,75900,46720,0.056,7438
XSync,Others,Growth,5889,3444,0.091,352
LogicSync,SaaS,Early,40531,32703,0.201,6746
LogicLabs,SaaS,Growth,96870,62416,0.115,11044
NextLabs,Services,Early,10204,9145,0.052,1741
ProNest,Retail,Early,25654,21506,0.127,5089
EdgeLabs,Services,Idea,3218,2701,0.086,551
LogicX,Others,Early,70634,62866,0.109,11000
CloudSync,Retail,Early,56968,50183,0.119,9158
EdgeLabs,SaaS,Growth,57543,37979,0.169,3572
XHub,Services,Idea,34813,31129,0.088,6092
DataLogic,SaaS,Early,19413,15895,0.272,3162
ServicePulse,Services,Early,21047,17147,0.053,3175
TechPro,Retail,Growth,87170,48325,0.034,8742
TechLink,Services,Growth,56365,29678,0.057,5892
RetailPro,SaaS,Growth,51645,27505,0.167,4588
DataPrime,Services,Growth,54329,29187,0.021,3243
SmartSolutions,Retail,Scale,84818,56693,0.054,9221
PulseSync,Retail,Early,31898,27447,0.106,4814
NextEdge,SaaS,Growth,93262,54005,0.254,7439
PulseSolutions,Services,Growth,33515,22468,0.072,2298
ServicePro,Others,Scale,22801,12993,0.137,2165
PulseLabs,SaaS,Scale,68280,46878,0.169,3923
ProHub,SaaS,Early,22730,19956,0.215,4529
TechSync,SaaS,Early,37818,31172,0.298,6046
ServiceWorks,Services,Early,21192,18944,0.01,3948
NovaWorks,Services,Growth,47766,32934,0.09,3106
CloudWorks,Retail,Early,33342,26823,0.116,5447
DataX,SaaS,Early,3631,3183,0.168,577
PrimeLink,Retail,Growth,73546,46795,0.085,6326
EdgeSync,Retail,Early,47381,42620,0.066,8565
NovaHub,Retail,Scale,92192,62801,0.016,7395
NovaNest,Others,Early,3395,2748,0.135,619
PrimeX,SaaS,Early,8111,6896,0.104,1319
DataHub,Services,Early,28924,24830,0.013,5044
CoreWorks,Retail,Growth,86435,53126,0.14,8226
RetailSync,Retail,Early,13254,10783,0.043,2502
NovaX,Services,Early,14439,11740,0.071,2570
TechEdge,Services,Scale,23273,13055,0.033,2131
NextNest,Others,Early,84441,72058,0.031,16163
XSolutions,SaaS,Growth,80279,41475,0.159,8947
DataHub,SaaS,Growth,87958,54464,0.192,6642
NovaSync,Services,Early,36019,31152,0.075,6957
PulseX,Retail,Growth,50271,35134,0.147,5618
LogicX,SaaS,Early,43425,37070,0.254,7950
EdgeLink,SaaS,Growth,91476,63951,0.124,4670
XLabs,SaaS,Early,19240,16911,0.172,3000
ServiceSolutions,Others,Growth,91447,61434,0.198,6455
XWorks,SaaS,Early,34268,29747,0.258,6537
EdgePulse,SaaS,Growth,59910,37038,0.201,5704
ServiceX,SaaS,Early,40765,34763,0.247,7824
ProX,Retail,Early,12758,10821,0.021,2271
EdgeLabs,SaaS,Early,18349,15414,0.173,3266
DataPrime,Retail,Early,59021,51974,0.107,8868
LogicSync,SaaS,Growth,90484,48816,0.282,5630
ProLogic,Services,Early,17195,14109,0.074,3078
PulseNest,SaaS,Scale,87569,48367,0.199,6943
LogicEdge,Retail,Scale,80496,52071,0.09,8658
EdgeLink,Others,Growth,73805,42297,0.188,3974
CoreSolutions,Services,Early,27167,22739,0.035,4320
NextSync,Retail,Early,59358,48765,0.038,11843
NextPrime,SaaS,Growth,70890,45638,0.246,4042
RetailEdge,SaaS,Early,11169,9575,0.144,2157
PulseFlow,Services,Idea,9176,7683,0.023,1633
CorePro,Others,Growth,91296,51921,0.193,10382
ProLink,Services,Growth,74643,39837,0.013,5447
XEdge,Retail,Growth,57440,30186,0.116,4768
CoreNest,Services,Early,31665,26168,0.095,5331
DataWorks,Retail,Growth,74945,42039,0.086,3855
CoreWorks,SaaS,Early,40776,35125,0.206,6304
ServiceSync,Retail,Early,53795,46517,0.106,10158
LogicSync,Others,Scale,64083,39318,0.197,7233
CoreHub,SaaS,Early,46518,40875,0.224,7170
PulseNest,Services,Early,26815,23461,0.094,4095
PulseFlow,SaaS,Idea,15263,13488,0.116,2359
TechHub,Retail,Scale,91271,51676,0.048,7831
SmartLabs,SaaS,Growth,87249,53556,0.286,7601
CoreLabs,Retail,Growth,95907,63244,0.072,6933
LogicX,Services,Growth,57065,37169,0.07,3788
DataPro,SaaS,Early,1337,1146,0.197,237
NovaLink,Services,Early,21995,18840,0.074,3420
RetailLabs,Services,Early,33036,27432,0.04,5893
CloudSolutions,Others,Idea,93545,83559,0.153,17974
ServiceSync,SaaS,Early,14665,12444,0.266,2897
DataHub,Retail,Scale,75046,39388,0.091,7246
SmartEdge,SaaS,Idea,22173,19756,0.274,3945
PrimeNest,Others,Early,2439,2068,0.138,405
CloudLabs,Others,Early,92238,77945,0.072,16008
ServiceWorks,Retail,Early,58276,51901,0.127,9171
SmartLink,Services,Scale,60888,41973,0.046,3970
RetailWorks,Retail,Early,5863,4886,0.035,1057
LogicLabs,Services,Early,4682,4183,0.039,922
TechPrime,SaaS,Growth,61346,40034,0.252,6872
SmartWorks,Services,Early,23770,20501,0.048,4231
TechLink,SaaS,Early,1244,1008,0.152,198
CloudLink,Services,Early,7767,6941,0.063,1170
RetailPro,Services,Growth,42266,22419,0.092,4755
LogicLogic,Services,Scale,24314,13141,0.034,2075
ProNova,SaaS,Growth,91791,57209,0.287,10754
EdgePro,SaaS,Early,46650,41489,0.158,8310
RetailEdge,SaaS,Growth,52853,36172,0.128,3475
DataPrime,Retail,Early,39654,34753,0.097,6408
EdgeLogic,SaaS,Idea,47118,41262,0.297,8976
DataPrime,Others,Early,7611,6621,0.098,1337
TechPrime,Retail,Early,12331,10453,0.073,2328
RetailX,SaaS,Growth,71409,48769,0.207,7208
NextNest,Retail,Growth,70662,43573,0.042,4266
TechX,Retail,Scale,76252,41836,0.133,7778
NovaEdge,Services,Growth,23042,15641,0.094,2454
LogicHub,Retail,Growth,66693,34504,0.057,3937
PulsePrime,Others,Idea,87755,75759,0.12,14301
SmartSync,Retail,Idea,50313,43211,0.088,9197
EdgeSolutions,Others,Growth,62710,40974,0.089,3210
PrimePro,Others,Early,8248,6942,0.154,1331
CloudSolutions,SaaS,Growth,88183,49603,0.17,7414
EdgeSync,Others,Early,8450,7460,0.083,1516
TechSolutions,SaaS,Idea,28408,23586,0.154,5017
EdgeFlow,Services,Early,12774,11008,0.098,2132
XLogic,Retail,Early,36891,30334,0.047,6478
NovaHub,Others,Idea,33322,28768,0.098,5925
CloudWorks,Others,Growth,22725,14564,0.104,1286
NextHub,Services,Early,10998,9534,0.077,2153
EdgePro,Services,Growth,55092,35857,0.012,3716
ProHub,SaaS,Early,48910,42275,0.103,9443
LogicPulse,SaaS,Early,37023,32718,0.103,6749
TechNest,Retail,Early,15047,13533,0.043,2726
RetailPro,SaaS,Growth,90803,47641,0.197,8514
NextPrime,Services,Early,31527,27268,0.061,5601
CloudSolutions,SaaS,Growth,65797,44940,0.274,4995
CoreLogic,Others,Early,81659,71695,0.159,14369
DataLink,Services,Growth,68408,45766,0.053,4270
PrimeNest,Services,Early,19189,16300,0.054,3395
DataPulse,SaaS,Growth,75339,43188,0.187,4458
PrimeFlow,Others,Growth,49738,30375,0.127,4138
NextSync,Others,Scale,17943,10833,0.016,1744
TechSolutions,Retail,Early,21462,17909,0.08,3710
XHub,Services,Idea,17816,15100,0.048,3439
LogicEdge,Services,Idea,36318,31824,0.048,6586
DataHub,SaaS,Growth,86519,50982,0.182,7588
CloudEdge,Retail,Growth,53856,30978,0.1,4558
NovaWorks,Retail,Growth,97922,50852,0.012,7795
PrimeLabs,SaaS,Early,18932,16339,0.16,2857
ProX,Retail,Early,10639,8602,0.075,1991
ProEdge,SaaS,Idea,17980,15584,0.149,3341
CoreSolutions,SaaS,Scale,98226,53274,0.27,7850
LogicLink,SaaS,Growth,60995,33001,0.258,3764
TechPro,Others,Scale,65471,38996,0.106,7175
ProPrime,Retail,Early,26806,21763,0.09,5236
CoreSolutions,Others,Growth,18878,12083,0.105,1164
CoreFlow,Retail,Growth,74086,41235,0.043,8243
LogicPrime,SaaS,Early,37693,32533,0.195,6921
CloudLabs,Retail,Growth,75521,40687,0.047,6486
ServiceLabs,Retail,Scale,66676,41194,0.101,5442
TechHub,SaaS,Scale,60683,37388,0.255,4447
TechEdge,Services,Growth,67168,33811,0.043,4645
DataPro,SaaS,Early,39878,33799,0.164,6513
ServiceWorks,Services,Early,23662,19237,0.078,3667
LogicLogic,Services,Scale,37279,25584,0.039,4281
CloudPrime,SaaS,Idea,39187,32928,0.287,5901
ServiceWorks,SaaS,Growth,94343,64050,0.137,6124
SmartLogic,Services,Growth,45168,28741,0.071,4374
TechWorks,Retail,Growth,97458,67331,0.139,5241
SmartPrime,SaaS,Scale,50395,29747,0.177,4045
CloudNest,Others,Early,60332,52604,0.104,9174
LogicFlow,SaaS,Early,40386,34828,0.266,6786
XLogic,Services,Idea,10539,9048,0.1,1821
TechSolutions,Others,Early,76801,67807,0.031,11935
NovaSync,SaaS,Early,40958,36680,0.234,6265
NextWorks,SaaS,Early,27014,21631,0.163,4967
DataFlow,SaaS,Growth,58756,40874,0.275,4415
EdgeLink,SaaS,Scale,50405,27733,0.248,5364
PrimeNest,SaaS,Early,22442,18779,0.116,4167
CloudWorks,Services,Early,31992,28499,0.031,6252
RetailLabs,SaaS,Scale,62121,36246,0.16,7075
TechSolutions,Retail,Idea,39351,31692,0.109,6950
SmartX,Others,Idea,10953,9370,0.025,2076
DataSync,Services,Early,4613,4060,0.033,789
CloudPrime,Services,Growth,37765,20391,0.032,2983
ServiceEdge,SaaS,Early,14727,12224,0.21,2423
CloudPulse,Services,Scale,69979,43107,0.018,6898
PulseFlow,Retail,Early,13302,10837,0.138,2659
TechX,Retail,Growth,62875,35845,0.13,3701
DataWorks,SaaS,Early,7749,6950,0.191,1484
EdgeFlow,Others,Early,8664,7308,0.103,1701
LogicX,Retail,Growth,95325,57044,0.084,6109
ProLabs,SaaS,Growth,77603,40460,0.264,6246
CoreEdge,Retail,Growth,78290,48894,0.101,8131
NovaLabs,Retail,Growth,56565,35452,0.133,6343
DataX,Services,Scale,48390,31719,0.044,3539
XEdge,Services,Growth,23465,15574,0.043,2161
RetailHub,Services,Growth,58523,30719,0.097,5199
RetailLink,SaaS,Idea,8038,6804,0.3,1404
PrimeSync,Retail,Idea,38293,30837,0.044,7267
DataPulse,Retail,Early,18057,15870,0.109,2938
EdgeLabs,SaaS,Growth,85560,48708,0.104,9220
XHub,SaaS,Early,28476,25559,0.274,5543
RetailLink,Services,Early,38868,33027,0.083,6745
NextPrime,SaaS,Scale,61755,31510,0.249,5272
CloudLogic,Retail,Scale,67175,39275,0.098,4707
LogicWorks,SaaS,Scale,96629,53701,0.132,6155
NextNest,SaaS,Early,3977,3339,0.264,709
DataNova,SaaS,Growth,87930,54696,0.131,9282
CorePro,Others,Early,70139,62777,0.024,11556
EdgeWorks,Services,Early,5811,5129,0.073,896
CloudLogic,Others,Early,89782,77596,0.112,14701
DataPro,Retail,Early,24362,20954,0.056,4606
CoreSync,SaaS,Early,47117,39324,0.249,9063
CloudWorks,Retail,Growth,77140,43146,0.135,9253
DataEdge,Retail,Early,24405,20676,0.137,4104
EdgeLink,Services,Growth,73143,42257,0.049,4395
EdgeNest,SaaS,Growth,98828,63126,0.252,10842
SmartNest,Retail,Early,13545,11045,0.047,2205
CloudHub,SaaS,Early,11712,10163,0.195,2339
ProSolutions,SaaS,Early,22649,19479,0.157,4395
NextSync,Services,Growth,64297,42621,0.051,4348
PrimeEdge,Retail,Early,24868,21341,0.034,4258
DataPulse,Retail,Early,22316,19025,0.146,4364
EdgeSolutions,Retail,Early,5565,4839,0.142,885
ProX,Retail,Growth,61103,40310,0.083,5502
XPulse,Services,Scale,26318,17583,0.071,1700
RetailNest,Others,Early,39197,33064,0.066,5978
PulseFlow,Others,Growth,26370,18240,0.15,2699
CorePulse,Services,Growth,62998,34583,0.014,6893
XNova,SaaS,Scale,97289,64909,0.263,8498
ServiceSolutions,Services,Growth,49969,27448,0.011,3322
PrimeEdge,Retail,Growth,60596,38914,0.053,5191
PulseNova,SaaS,Growth,85989,48120,0.107,4524
XPrime,Services,Scale,65810,33773,0.058,3577
RetailNova,SaaS,Early,7472,6300,0.191,1312
TechLabs,Others,Early,81591,65821,0.058,15535
CoreSync,Retail,Idea,17464,14542,0.072,3185
LogicSync,Services,Growth,21600,12192,0.06,2382
LogicNest,Services,Growth,37177,25587,0.064,4441
CoreHub,Others,Early,61611,51952,0.088,11596
NovaX,Services,Growth,36258,21359,0.074,4015
NextLink,Services,Early,29685,25970,0.078,5867
DataEdge,SaaS,Early,1796,1544,0.186,299
ServiceFlow,Retail,Scale,57666,39900,0.093,6191
DataPulse,SaaS,Early,8370,6752,0.134,1386
LogicFlow,Services,Idea,24841,20890,0.096,4801
PulseEdge,Retail,Growth,84549,45847,0.063,7445
PulsePrime,Services,Growth,78258,48140,0.063,8021
NovaLogic,SaaS,Idea,10675,8944,0.242,1612
XNest,SaaS,Growth,75822,52640,0.124,8877
EdgePro,Services,Growth,56025,38556,0.057,6712
TechFlow,SaaS,Early,26587,23530,0.187,5222
CorePro,SaaS,Early,19975,17238,0.269,3293
CoreNest,SaaS,Growth,60375,32903,0.154,4917
CorePulse,Others,Early,51907,46207,0.034,9924
CloudLabs,Services,Scale,31424,18093,0.09,1593
CorePulse,Retail,Growth,71548,42602,0.033,5185
DataNova,SaaS,Scale,71346,47127,0.128,7447
NextHub,SaaS,Early,32922,28292,0.228,5754
SmartLogic,Services,Scale,43564,27883,0.059,4037
CloudSolutions,Services,Early,9425,7593,0.061,1513
SmartPro,SaaS,Early,37744,32691,0.282,6424
PrimeHub,SaaS,Idea,4681,3940,0.293,708
NextPro,SaaS,Idea,40181,35636,0.207,7538
EdgeHub,Services,Growth,37754,25903,0.063,4005
LogicNova,Services,Early,26760,23894,0.089,4194
CloudNova,SaaS,Early,6538,5464,0.158,1182
NextNest,SaaS,Growth,71711,36197,0.179,5108
SmartLogic,SaaS,Early,35645,30388,0.142,6282
ServiceX,Others,Growth,52630,34130,0.052,3988
CorePro,SaaS,Early,19675,17628,0.189,3694
ProLink,Services,Growth,31432,20523,0.025,2495
EdgeFlow,Services,Growth,58400,34750,0.095,3797
XNest,Retail,Early,10969,9529,0.076,1897
PulseWorks,SaaS,Early,48940,41073,0.172,8121
XLabs,SaaS,Early,19680,16864,0.176,3872
LogicX,Services,Growth,35155,21381,0.035,3556
RetailX,Services,Early,39869,33771,0.014,7739
ServiceEdge,Services,Early,26175,22482,0.023,3931
LogicX,Retail,Idea,26751,21587,0.068,4630
EdgeLogic,SaaS,Early,48130,42006,0.115,7756
SmartEdge,Others,Early,69358,58518,0.144,12372
PrimeHub,Services,Growth,79687,44390,0.053,9308
XPro,SaaS,Early,28494,23203,0.285,4422
NovaLink,Others,Early,49737,42057,0.024,9447
RetailNova,Services,Growth,22303,15576,0.013,1315
LogicNest,Retail,Growth,78173,51768,0.133,4300
SmartLogic,Services,Early,22191,18813,0.075,3740
ServiceEdge,Services,Early,29825,24009,0.034,4571
XWorks,Services,Early,39956,35292,0.039,7447
ProPulse,SaaS,Scale,81695,42746,0.211,5727
LogicLabs,SaaS,Early,25805,20996,0.28,4184
LogicSolutions,Others,Scale,82165,45768,0.047,4172
EdgeLogic,SaaS,Growth,53871,37167,0.166,3051
PulseNest,Retail,Growth,82019,55573,0.107,6367
DataPro,Retail,Idea,13155,11486,0.083,2618
SmartLink,Retail,Early,24014,20086,0.129,4510
CoreHub,Services,Early,13633,11403,0.029,2574
PrimeFlow,Others,Early,86642,70571,0.103,14703
RetailSolutions,SaaS,Growth,69418,45499,0.146,6030
CloudPrime,SaaS,Scale,85548,54006,0.104,9259
SmartNova,SaaS,Growth,57535,33958,0.103,4594
NextPulse,Others,Growth,99303,56034,0.148,6945
EdgePro,Services,Idea,7008,6059,0.026,1314
PrimePulse,SaaS,Early,30236,24325,0.137,5948
EdgePulse,Services,Early,11319,9893,0.033,1845
PulseX,Others,Growth,34872,21534,0.077,2921
RetailNova,Services,Scale,77914,54534,0.055,8103
SmartSync,Others,Growth,75526,40818,0.051,3807
ProHub,SaaS,Idea,38006,33469,0.133,6542
NextSync,Services,Early,4093,3667,0.055,802
RetailEdge,Retail,Growth,87322,49961,0.104,8233
PulseLabs,Services,Early,30730,26785,0.041,5818
NextPro,Services,Growth,54364,31279,0.074,5274
NovaFlow,Services,Growth,78473,44586,0.047,5839
PrimeHub,Services,Growth,44365,28387,0.068,3494
RetailX,SaaS,Early,24711,19934,0.288,4925
XFlow,Retail,Early,31465,25373,0.033,5193
DataLink,Others,Early,50986,43827,0.132,9579
ServiceSolutions,Others,Early,73354,64795,0.144,13121
NextWorks,SaaS,Early,46538,37956,0.244,8661
NovaFlow,SaaS,Growth,88881,46835,0.182,5108
ProX,SaaS,Growth,52696,33699,0.201,2729
ProLogic,Services,Idea,18442,15093,0.02,3660
ProNova,Services,Early,13390,10875,0.043,2180
LogicX,SaaS,Early,34709,30532,0.109,6190
CloudHub,Retail,Early,10765,9313,0.077,2075
ProLogic,Services,Growth,58016,38280,0.057,5135
ServiceLogic,Services,Idea,29215,25088,0.09,5752
NextEdge,Retail,Early,43669,38044,0.079,8422
PulseWorks,Retail,Early,53586,47121,0.049,9530
TechLogic,Retail,Scale,65472,42734,0.082,5825
RetailPro,SaaS,Growth,51301,35393,0.168,2953
PrimeFlow,Retail,Early,9112,7684,0.124,1456
NextPulse,Services,Growth,52145,33931,0.057,3953
EdgePrime,Others,Growth,68641,44300,0.2,8190
XPrime,Services,Scale,76289,52032,0.037,6216
XNest,Services,Early,3067,2578,0.097,473
ProNova,SaaS,Scale,65377,33745,0.177,6016
CloudFlow,Retail,Scale,98599,60993,0.116,9381
ProNest,SaaS,Scale,56209,36329,0.151,3500
RetailPro,SaaS,Growth,90545,60384,0.172,8408
LogicWorks,Services,Growth,59968,33615,0.055,3552
EdgeEdge,Others,Early,88110,73241,0.108,15810
NovaPrime,SaaS,Growth,89091,56239,0.222,7023
SmartX,Retail,Growth,83387,52494,0.14,5066
NovaPulse,Services,Growth,63446,31796,0.069,4071
CloudX,SaaS,Early,39398,32519,0.224,6965
NextNova,Retail,Growth,89433,53573,0.095,6193
NovaFlow,Services,Growth,23599,16382,0.071,1197
NovaWorks,Services,Early,5055,4423,0.029,969
XPulse,SaaS,Growth,59321,39211,0.146,4029
LogicHub,Retail,Growth,71971,41333,0.039,7504
EdgeWorks,Services,Growth,42559,29530,0.015,3890
XWorks,Retail,Early,15991,12834,0.013,2896
DataLink,SaaS,Early,36181,30116,0.293,7077
RetailLabs,Services,Scale,74913,47647,0.015,8618
ProLogic,SaaS,Early,10102,9073,0.17,1647
NextSolutions,Services,Growth,66303,36114,0.017,7376
EdgeNest,SaaS,Early,9027,8057,0.133,1538
CoreLink,Others,Growth,53129,35628,0.07,4604
EdgeLabs,Retail,Early,28827,25648,0.14,4870
TechLink,SaaS,Growth,81007,42926,0.215,7779
ProNova,SaaS,Early,38193,31091,0.178,6515
LogicPulse,SaaS,Idea,24504,21241,0.248,4225
NovaNova,Others,Early,42850,37437,0.097,7647
ProPulse,Others,Idea,74029,64840,0.117,12216
CoreSolutions,Retail,Scale,70445,44942,0.137,4167
XSync,Retail,Scale,76008,48317,0.102,7071
PrimeFlow,Services,Early,29912,24453,0.064,5737
DataSolutions,Others,Growth,64303,44070,0.143,4373
NextX,Retail,Early,9090,7757,0.029,1632
EdgeLogic,Retail,Growth,58382,29802,0.143,5541
CoreX,Retail,Growth,99730,63346,0.149,5629
TechLabs,Services,Scale,67801,43064,0.096,4594
EdgeX,SaaS,Early,33521,29702,0.204,5352
CoreSolutions,Services,Growth,25631,14855,0.096,2542
ServiceFlow,Retail,Early,11787,10499,0.078,2039
EdgeLabs,Services,Scale,40291,21349,0.052,4359
DataNest,SaaS,Idea,44154,37484,0.138,6658
DataNova,Retail,Growth,70373,36512,0.047,6624
ServiceNest,Retail,Growth,64507,44176,0.119,5819
XFlow,Services,Growth,51283,28300,0.021,5947
CloudX,SaaS,Early,26382,22987,0.108,4467
SmartSync,Retail,Scale,69615,37130,0.013,4131
CoreNest,Retail,Early,22952,20349,0.029,4126
ServiceLabs,Retail,Growth,59597,36943,0.141,3677
NovaWorks,Services,Early,20782,17148,0.034,3866
PulseX,Services,Early,8500,7354,0.03,1310
LogicNest,Services,Growth,61462,36991,0.058,4225
CloudX,SaaS,Early,28075,25172,0.293,4834
CloudNova,Services,Early,39153,32921,0.035,6130
NextLogic,Retail,Early,55138,44448,0.032,9489
PulseX,SaaS,Early,37535,32348,0.244,6366
PrimeSync,SaaS,Growth,80183,52431,0.121,8325
SmartNova,SaaS,Scale,81622,53782,0.108,5980
SmartNova,Services,Idea,35550,29558,0.073,6801
SmartPro,Services,Early,30349,24460,0.099,4662
PulsePrime,Services,Early,27093,22631,0.097,4496
SmartX,Retail,Idea,15908,13982,0.085,2619
TechPro,Retail,Growth,51376,31025,0.075,5664
DataPro,SaaS,Growth,89051,54669,0.275,10239
EdgeEdge,SaaS,Early,18375,16445,0.123,3635
CoreHub,Retail,Early,11450,9900,0.015,2226
NextPulse,SaaS,Idea,48348,42718,0.18,8335
TechFlow,SaaS,Growth,91349,53175,0.273,9315
XNest,Retail,Scale,54521,34663,0.089,3345
ServicePro,Services,Early,39121,32298,0.069,6581
CorePulse,Others,Early,62177,50497,0.032,9962
ProPrime,Others,Scale,12341,6220,0.137,1022
NovaPro,Services,Scale,37579,18896,0.08,4016
CloudHub,Retail,Early,24727,21289,0.061,4223
ProLabs,Services,Idea,6063,5038,0.095,964
PulseSolutions,Services,Idea,13564,12152,0.016,2428
PrimeEdge,SaaS,Growth,63421,42299,0.252,4632
NextEdge,Retail,Early,29661,25450,0.042,4545
SmartLabs,Services,Idea,11678,9443,0.086,2171
CloudEdge,Retail,Growth,98971,63212,0.142,8790
EdgeX,Retail,Idea,42130,37820,0.1,6384
XLogic,Retail,Growth,59106,31911,0.099,5310
LogicPrime,SaaS,Early,23361,20257,0.298,3610
PrimeFlow,Retail,Idea,41509,37021,0.106,7771
SmartPulse,SaaS,Growth,99150,53675,0.224,5847
PulsePro,SaaS,Early,43723,38212,0.257,7218
CloudHub,SaaS,Scale,79011,49318,0.264,8162
PulseLogic,Services,Growth,69581,34903,0.049,4726
NovaX,SaaS,Early,22852,18338,0.177,3590
RetailNest,Retail,Growth,97540,65056,0.051,5266
RetailNova,SaaS,Early,9367,8119,0.186,1612
XX,Others,Scale,66296,38812,0.029,5605
ServicePulse,SaaS,Early,8222,6926,0.241,1621
DataSync,Retail,Growth,56940,35718,0.065,4036
ProNova,Others,Idea,5544,4497,0.129,883
DataPulse,Services,Early,35518,30053,0.052,6293
CloudNova,SaaS,Growth,85298,42979,0.2,7778
ServiceHub,Services,Growth,20511,12002,0.027,2136
SmartPrime,Retail,Early,36786,32970,0.059,6155
CloudSync,Retail,Early,39469,33761,0.111,7691
ServiceX,SaaS,Growth,85575,42806,0.28,7695
CloudPulse,SaaS,Scale,69359,46182,0.18,3633
TechFlow,Services,Idea,30946,26652,0.049,5766
RetailPro,Retail,Early,53171,46122,0.039,10455
PrimeLabs,Retail,Early,57765,49290,0.116,10869
PrimeSolutions,Services,Scale,26598,13904,0.022,1889
LogicEdge,Services,Idea,28998,23327,0.032,5460
ServiceFlow,SaaS,Early,48345,39945,0.149,9586
CloudNova,Services,Growth,70469,44166,0.03,3787
CoreNest,SaaS,Idea,30521,24561,0.223,4922
ServiceFlow,Services,Early,37380,31092,0.06,6973
XLabs,Services,Early,32358,26708,0.038,6203
CloudHub,Others,Early,66158,57322,0.051,11356
CloudSync,SaaS,Early,37895,30463,0.245,6907
RetailPulse,SaaS,Growth,59357,30286,0.291,3559
NovaSolutions,SaaS,Early,2965,2392,0.122,520
